-- phpMyAdmin SQL Dump
-- version 4.8.5
-- https://www.phpmyadmin.net/
--
-- Host: 127.0.0.1
-- Generation Time: Jun 18, 2009 at 06:08 PM
-- Server version: 10.1.38-MariaDB
-- PHP Version: 7.3.2

SET SQL_MODE = "NO_AUTO_VALUE_ON_ZERO";
SET AUTOCOMMIT = 0;
START TRANSACTION;
SET time_zone = "+00:00";


/*!40101 SET @OLD_CHARACTER_SET_CLIENT=@@CHARACTER_SET_CLIENT */;
/*!40101 SET @OLD_CHARACTER_SET_RESULTS=@@CHARACTER_SET_RESULTS */;
/*!40101 SET @OLD_COLLATION_CONNECTION=@@COLLATION_CONNECTION */;
/*!40101 SET NAMES utf8mb4 */;

--
-- Database: `blue_pos`
--

-- --------------------------------------------------------

--
-- Table structure for table `category`
--

CREATE TABLE `category` (
  `id` int(11) NOT NULL,
  `outlet_id` int(11) NOT NULL,
  `name` varchar(499) COLLATE utf8_unicode_ci NOT NULL,
  `created_user_id` int(11) NOT NULL,
  `created_datetime` datetime NOT NULL,
  `updated_user_id` int(11) NOT NULL,
  `updated_datetime` datetime NOT NULL,
  `status` int(1) NOT NULL
) ENGINE=MyISAM DEFAULT CHARSET=utf8 COLLATE=utf8_unicode_ci;

--
-- Dumping data for table `category`
--

INSERT INTO `category` (`id`, `outlet_id`, `name`, `created_user_id`, `created_datetime`, `updated_user_id`, `updated_datetime`, `status`) VALUES
(33, 0, 'Skin', 22, '2020-03-20 12:22:58', 0, '0000-00-00 00:00:00', 1),
(32, 0, 'Hair', 22, '2020-03-20 12:22:52', 0, '0000-00-00 00:00:00', 1),
(31, 0, 'Face', 22, '2020-03-20 12:22:48', 0, '0000-00-00 00:00:00', 1);

-- --------------------------------------------------------

--
-- Table structure for table `ci_sessions`
--

CREATE TABLE `ci_sessions` (
  `id` varchar(40) COLLATE utf8_unicode_ci NOT NULL,
  `ip_address` varchar(45) COLLATE utf8_unicode_ci NOT NULL,
  `timestamp` int(10) UNSIGNED NOT NULL DEFAULT '0',
  `data` blob NOT NULL
) ENGINE=MyISAM DEFAULT CHARSET=utf8 COLLATE=utf8_unicode_ci;

--
-- Dumping data for table `ci_sessions`
--

INSERT INTO `ci_sessions` (`id`, `ip_address`, `timestamp`, `data`) VALUES
('7eo4nadd288iebcejg96m8g72pulq3em', '::1', 1585104302, 0x5f5f63695f6c6173745f726567656e65726174657c693a313538353130343330323b73657373696f6e69647c733a333a22706f73223b757365725f69647c733a323a223232223b757365725f656d61696c7c733a32343a226d61676e6f6a6572616c646a6f6540676d61696c2e636f6d223b757365725f726f6c657c733a313a2231223b757365725f6f75746c65747c733a313a2230223b),
('o0cr3ou48129ab43uh36fk1hn8i4b9j2', '::1', 1585103758, 0x5f5f63695f6c6173745f726567656e65726174657c693a313538353130333735383b73657373696f6e69647c733a333a22706f73223b757365725f69647c733a323a223232223b757365725f656d61696c7c733a32343a226d61676e6f6a6572616c646a6f6540676d61696c2e636f6d223b757365725f726f6c657c733a313a2231223b757365725f6f75746c65747c733a313a2230223b),
('mnql8oot33r9dl9kp2e527movb7c1u4s', '::1', 1585102775, 0x5f5f63695f6c6173745f726567656e65726174657c693a313538353130323737353b73657373696f6e69647c733a333a22706f73223b757365725f69647c733a323a223232223b757365725f656d61696c7c733a32343a226d61676e6f6a6572616c646a6f6540676d61696c2e636f6d223b757365725f726f6c657c733a313a2231223b757365725f6f75746c65747c733a313a2230223b),
('nf8v7jhvde3r4qe9oouihr1euiud8ktn', '::1', 1585102462, 0x5f5f63695f6c6173745f726567656e65726174657c693a313538353130323436323b73657373696f6e69647c733a333a22706f73223b757365725f69647c733a323a223232223b757365725f656d61696c7c733a32343a226d61676e6f6a6572616c646a6f6540676d61696c2e636f6d223b757365725f726f6c657c733a313a2231223b757365725f6f75746c65747c733a313a2230223b),
('fgt1ri4u8a0ft0pmfh4pusiqtpqdlce0', '::1', 1585100631, 0x5f5f63695f6c6173745f726567656e65726174657c693a313538353130303633313b),
('1hk94gkcgq2hpadraqg60kqq1vsrh8dc', '::1', 1585101210, 0x5f5f63695f6c6173745f726567656e65726174657c693a313538353130313231303b73657373696f6e69647c733a333a22706f73223b757365725f69647c733a323a223232223b757365725f656d61696c7c733a32343a226d61676e6f6a6572616c646a6f6540676d61696c2e636f6d223b757365725f726f6c657c733a313a2231223b757365725f6f75746c65747c733a313a2230223b),
('n09mjvl3euc6r47bgsl3skr1c2c5gr4s', '::1', 1585032980, 0x5f5f63695f6c6173745f726567656e65726174657c693a313538353033323938303b),
('9b9ja44ln7fqnfk99q1o2rrufcu2rckj', '::1', 1585032981, 0x5f5f63695f6c6173745f726567656e65726174657c693a313538353033323938303b73657373696f6e69647c733a333a22706f73223b757365725f69647c733a323a223232223b757365725f656d61696c7c733a32343a226d61676e6f6a6572616c646a6f6540676d61696c2e636f6d223b757365725f726f6c657c733a313a2231223b757365725f6f75746c65747c733a313a2230223b),
('b31u1pj42b2msim39hb6ehn1vhpmlfdf', '::1', 1585017382, 0x5f5f63695f6c6173745f726567656e65726174657c693a313538353031373138343b73657373696f6e69647c733a333a22706f73223b757365725f69647c733a323a223232223b757365725f656d61696c7c733a32343a226d61676e6f6a6572616c646a6f6540676d61696c2e636f6d223b757365725f726f6c657c733a313a2231223b757365725f6f75746c65747c733a313a2230223b),
('pb8ofhqg2ji7o61kptq5dgmuu1dprdft', '::1', 1585017184, 0x5f5f63695f6c6173745f726567656e65726174657c693a313538353031373138343b73657373696f6e69647c733a333a22706f73223b757365725f69647c733a323a223232223b757365725f656d61696c7c733a32343a226d61676e6f6a6572616c646a6f6540676d61696c2e636f6d223b757365725f726f6c657c733a313a2231223b757365725f6f75746c65747c733a313a2230223b),
('kubug1afa0hnu7goffpuckd8pv10bms6', '::1', 1584956535, 0x5f5f63695f6c6173745f726567656e65726174657c693a313538343935363533343b73657373696f6e69647c733a333a22706f73223b757365725f69647c733a323a223232223b757365725f656d61696c7c733a32343a226d61676e6f6a6572616c646a6f6540676d61696c2e636f6d223b757365725f726f6c657c733a313a2231223b757365725f6f75746c65747c733a313a2230223b),
('v7r7u4i018isf6dto229ptj04imuppmq', '::1', 1584956534, 0x5f5f63695f6c6173745f726567656e65726174657c693a313538343935363533343b73657373696f6e69647c733a333a22706f73223b757365725f69647c733a323a223232223b757365725f656d61696c7c733a32343a226d61676e6f6a6572616c646a6f6540676d61696c2e636f6d223b757365725f726f6c657c733a313a2231223b757365725f6f75746c65747c733a313a2230223b),
('7i2di5141pj1hlviafar8hic35ej3ka3', '::1', 1584951855, 0x5f5f63695f6c6173745f726567656e65726174657c693a313538343935313835353b73657373696f6e69647c733a333a22706f73223b757365725f69647c733a323a223232223b757365725f656d61696c7c733a32343a226d61676e6f6a6572616c646a6f6540676d61696c2e636f6d223b757365725f726f6c657c733a313a2231223b757365725f6f75746c65747c733a313a2230223b),
('0v3rpe4indniqafllf6huokh0pgj8m3g', '::1', 1584935658, 0x5f5f63695f6c6173745f726567656e65726174657c693a313538343933353635383b),
('i0rtptken94rpbrkvrt5v01prufom7vc', '::1', 1584927148, 0x5f5f63695f6c6173745f726567656e65726174657c693a313538343932373031353b73657373696f6e69647c733a333a22706f73223b757365725f69647c733a323a223232223b757365725f656d61696c7c733a32343a226d61676e6f6a6572616c646a6f6540676d61696c2e636f6d223b757365725f726f6c657c733a313a2231223b757365725f6f75746c65747c733a313a2230223b),
('npsd52tnuctquk5cn9se202pi1artqeh', '::1', 1584764906, 0x5f5f63695f6c6173745f726567656e65726174657c693a313538343736343930353b73657373696f6e69647c733a333a22706f73223b757365725f69647c733a323a223232223b757365725f656d61696c7c733a32343a226d61676e6f6a6572616c646a6f6540676d61696c2e636f6d223b757365725f726f6c657c733a313a2231223b757365725f6f75746c65747c733a313a2230223b),
('v4t8t14cckobdpbniql165f68nhspep3', '::1', 1584764905, 0x5f5f63695f6c6173745f726567656e65726174657c693a313538343736343930353b73657373696f6e69647c733a333a22706f73223b757365725f69647c733a323a223232223b757365725f656d61696c7c733a32343a226d61676e6f6a6572616c646a6f6540676d61696c2e636f6d223b757365725f726f6c657c733a313a2231223b757365725f6f75746c65747c733a313a2230223b),
('jijo08adcgflldqo6p7cp6u48qj9b745', '::1', 1584763365, 0x5f5f63695f6c6173745f726567656e65726174657c693a313538343736333336353b73657373696f6e69647c733a333a22706f73223b757365725f69647c733a323a223232223b757365725f656d61696c7c733a32343a226d61676e6f6a6572616c646a6f6540676d61696c2e636f6d223b757365725f726f6c657c733a313a2231223b757365725f6f75746c65747c733a313a2230223b),
('5ahkfl4oij9uln1obj5cqhl01tj2oq46', '::1', 1584764345, 0x5f5f63695f6c6173745f726567656e65726174657c693a313538343736343334353b73657373696f6e69647c733a333a22706f73223b757365725f69647c733a323a223232223b757365725f656d61696c7c733a32343a226d61676e6f6a6572616c646a6f6540676d61696c2e636f6d223b757365725f726f6c657c733a313a2231223b757365725f6f75746c65747c733a313a2230223b),
('37vidpss0kvd6oll27gom3791pvvk95i', '::1', 1584759337, 0x5f5f63695f6c6173745f726567656e65726174657c693a313538343735393333373b73657373696f6e69647c733a333a22706f73223b757365725f69647c733a323a223232223b757365725f656d61696c7c733a32343a226d61676e6f6a6572616c646a6f6540676d61696c2e636f6d223b757365725f726f6c657c733a313a2231223b757365725f6f75746c65747c733a313a2230223b),
('742vlbor9cjgl3uv4lrjbpmbqfb1qudu', '::1', 1584758841, 0x5f5f63695f6c6173745f726567656e65726174657c693a313538343735383834313b73657373696f6e69647c733a333a22706f73223b757365725f69647c733a323a223232223b757365725f656d61696c7c733a32343a226d61676e6f6a6572616c646a6f6540676d61696c2e636f6d223b757365725f726f6c657c733a313a2231223b757365725f6f75746c65747c733a313a2230223b),
('kkdcsqehru4impam0re2pt2ggu333qs5', '::1', 1584758184, 0x5f5f63695f6c6173745f726567656e65726174657c693a313538343735383138343b73657373696f6e69647c733a333a22706f73223b757365725f69647c733a323a223232223b757365725f656d61696c7c733a32343a226d61676e6f6a6572616c646a6f6540676d61696c2e636f6d223b757365725f726f6c657c733a313a2231223b757365725f6f75746c65747c733a313a2230223b),
('d3h4hbe311toh3t945qkske7q8ivc0pp', '::1', 1584757867, 0x5f5f63695f6c6173745f726567656e65726174657c693a313538343735373836373b73657373696f6e69647c733a333a22706f73223b757365725f69647c733a323a223232223b757365725f656d61696c7c733a32343a226d61676e6f6a6572616c646a6f6540676d61696c2e636f6d223b757365725f726f6c657c733a313a2231223b757365725f6f75746c65747c733a313a2230223b),
('9u3nugc7rn2d5ft60bsnmaq9acb04ofj', '::1', 1584756913, 0x5f5f63695f6c6173745f726567656e65726174657c693a313538343735363931333b73657373696f6e69647c733a333a22706f73223b757365725f69647c733a323a223232223b757365725f656d61696c7c733a32343a226d61676e6f6a6572616c646a6f6540676d61696c2e636f6d223b757365725f726f6c657c733a313a2231223b757365725f6f75746c65747c733a313a2230223b),
('211bdmqmum4n440n8if0pmm6phvlsnuf', '::1', 1584755447, 0x5f5f63695f6c6173745f726567656e65726174657c693a313538343735353434373b73657373696f6e69647c733a333a22706f73223b757365725f69647c733a323a223232223b757365725f656d61696c7c733a32343a226d61676e6f6a6572616c646a6f6540676d61696c2e636f6d223b757365725f726f6c657c733a313a2231223b757365725f6f75746c65747c733a313a2230223b),
('9ivnr7l5g20gkre3r2gqkk8g3vtugk3r', '::1', 1584754245, 0x5f5f63695f6c6173745f726567656e65726174657c693a313538343735343234353b73657373696f6e69647c733a333a22706f73223b757365725f69647c733a323a223232223b757365725f656d61696c7c733a32343a226d61676e6f6a6572616c646a6f6540676d61696c2e636f6d223b757365725f726f6c657c733a313a2231223b757365725f6f75746c65747c733a313a2230223b),
('kesnptmjm56buufilbk8eunmacr603kv', '::1', 1584697185, 0x5f5f63695f6c6173745f726567656e65726174657c693a313538343639373134353b73657373696f6e69647c733a333a22706f73223b757365725f69647c733a323a223232223b757365725f656d61696c7c733a32343a226d61676e6f6a6572616c646a6f6540676d61696c2e636f6d223b757365725f726f6c657c733a313a2231223b757365725f6f75746c65747c733a313a2230223b),
('iehl7pqpaa8f8j18n88pg3afub24d1an', '::1', 1584753899, 0x5f5f63695f6c6173745f726567656e65726174657c693a313538343735333839393b73657373696f6e69647c733a333a22706f73223b757365725f69647c733a323a223232223b757365725f656d61696c7c733a32343a226d61676e6f6a6572616c646a6f6540676d61696c2e636f6d223b757365725f726f6c657c733a313a2231223b757365725f6f75746c65747c733a313a2230223b),
('20mhgnsa29bv3th6s5pm6ujhqhsjamjs', '::1', 1584697145, 0x5f5f63695f6c6173745f726567656e65726174657c693a313538343639373134353b73657373696f6e69647c733a333a22706f73223b757365725f69647c733a323a223232223b757365725f656d61696c7c733a32343a226d61676e6f6a6572616c646a6f6540676d61696c2e636f6d223b757365725f726f6c657c733a313a2231223b757365725f6f75746c65747c733a313a2230223b),
('nmcaa1noghelintc725n7ile9h0tm5q7', '::1', 1584694483, 0x5f5f63695f6c6173745f726567656e65726174657c693a313538343639343438333b73657373696f6e69647c733a333a22706f73223b757365725f69647c733a323a223232223b757365725f656d61696c7c733a32343a226d61676e6f6a6572616c646a6f6540676d61696c2e636f6d223b757365725f726f6c657c733a313a2231223b757365725f6f75746c65747c733a313a2230223b),
('4i8j0373318d2rnr2kai30tbdsq6l66l', '::1', 1584696434, 0x5f5f63695f6c6173745f726567656e65726174657c693a313538343639363433343b73657373696f6e69647c733a333a22706f73223b757365725f69647c733a323a223232223b757365725f656d61696c7c733a32343a226d61676e6f6a6572616c646a6f6540676d61696c2e636f6d223b757365725f726f6c657c733a313a2231223b757365725f6f75746c65747c733a313a2230223b),
('84vjo7fc1ejbo44t2t2d8g66hbibbqns', '::1', 1584694093, 0x5f5f63695f6c6173745f726567656e65726174657c693a313538343639343039333b73657373696f6e69647c733a333a22706f73223b757365725f69647c733a323a223232223b757365725f656d61696c7c733a32343a226d61676e6f6a6572616c646a6f6540676d61696c2e636f6d223b757365725f726f6c657c733a313a2231223b757365725f6f75746c65747c733a313a2230223b),
('hfteopctl6tf6k8nvmdoc4kf1q7t7q1u', '::1', 1584692817, 0x5f5f63695f6c6173745f726567656e65726174657c693a313538343639323831373b73657373696f6e69647c733a333a22706f73223b757365725f69647c733a323a223232223b757365725f656d61696c7c733a32343a226d61676e6f6a6572616c646a6f6540676d61696c2e636f6d223b757365725f726f6c657c733a313a2231223b757365725f6f75746c65747c733a313a2230223b),
('ug4r3jtifl04rah0k3c5ct3dde30oqt5', '::1', 1584693745, 0x5f5f63695f6c6173745f726567656e65726174657c693a313538343639333734353b73657373696f6e69647c733a333a22706f73223b757365725f69647c733a323a223232223b757365725f656d61696c7c733a32343a226d61676e6f6a6572616c646a6f6540676d61696c2e636f6d223b757365725f726f6c657c733a313a2231223b757365725f6f75746c65747c733a313a2230223b616c6572745f6d73677c613a333a7b693a303b733a373a2273756363657373223b693a313b733a32343a225570646174652050726f6475637420496e76656e746f7279223b693a323b733a35353a225375636365737366756c6c79205570646174656420496e76656e746f727920666f722050726f6475637420436f6465203a206661636531223b7d5f5f63695f766172737c613a313a7b733a393a22616c6572745f6d7367223b733a333a226f6c64223b7d),
('uoihvi3kfrm41kae6k01lk2f8j4rb2s2', '::1', 1584688640, 0x5f5f63695f6c6173745f726567656e65726174657c693a313538343638383634303b73657373696f6e69647c733a333a22706f73223b757365725f69647c733a323a223232223b757365725f656d61696c7c733a32343a226d61676e6f6a6572616c646a6f6540676d61696c2e636f6d223b757365725f726f6c657c733a313a2231223b757365725f6f75746c65747c733a313a2230223b),
('nj7jkhp4ckub8mka1mvkbialisfs57iv', '::1', 1584688098, 0x5f5f63695f6c6173745f726567656e65726174657c693a313538343638383039383b73657373696f6e69647c733a333a22706f73223b757365725f69647c733a323a223232223b757365725f656d61696c7c733a32343a226d61676e6f6a6572616c646a6f6540676d61696c2e636f6d223b757365725f726f6c657c733a313a2231223b757365725f6f75746c65747c733a313a2230223b),
('doo8f6m2oh5t7n6re9p77dtr614lkbu9', '::1', 1584687313, 0x5f5f63695f6c6173745f726567656e65726174657c693a313538343638373331333b73657373696f6e69647c733a333a22706f73223b757365725f69647c733a323a223232223b757365725f656d61696c7c733a32343a226d61676e6f6a6572616c646a6f6540676d61696c2e636f6d223b757365725f726f6c657c733a313a2231223b757365725f6f75746c65747c733a313a2230223b616c6572745f6d73677c613a333a7b693a303b733a373a2273756363657373223b693a313b733a31353a22416464204e65772050726f64756374223b693a323b733a33393a225375636365737366756c6c79204164646564204e65772050726f64756374203a20736b696e312e223b7d5f5f63695f766172737c613a313a7b733a393a22616c6572745f6d7367223b733a333a226f6c64223b7d),
('1n61jrpnllm323id3982n9sbgnqj3m8o', '::1', 1584687001, 0x5f5f63695f6c6173745f726567656e65726174657c693a313538343638373030313b73657373696f6e69647c733a333a22706f73223b757365725f69647c733a323a223232223b757365725f656d61696c7c733a32343a226d61676e6f6a6572616c646a6f6540676d61696c2e636f6d223b757365725f726f6c657c733a313a2231223b757365725f6f75746c65747c733a313a2230223b),
('2661bt669mtjnlin8925oubi3gcnb77u', '::1', 1584675963, 0x5f5f63695f6c6173745f726567656e65726174657c693a313538343637353836363b73657373696f6e69647c733a333a22706f73223b757365725f69647c733a323a223232223b757365725f656d61696c7c733a32343a226d61676e6f6a6572616c646a6f6540676d61696c2e636f6d223b757365725f726f6c657c733a313a2231223b757365725f6f75746c65747c733a313a2230223b),
('637h0j8qljh6cmdv2jsr8au710hiktgi', '::1', 1584675866, 0x5f5f63695f6c6173745f726567656e65726174657c693a313538343637353836363b73657373696f6e69647c733a333a22706f73223b757365725f69647c733a323a223232223b757365725f656d61696c7c733a32343a226d61676e6f6a6572616c646a6f6540676d61696c2e636f6d223b757365725f726f6c657c733a313a2231223b757365725f6f75746c65747c733a313a2230223b),
('pl8tclneku46jq33gg82kg97k9ffir1r', '::1', 1584675473, 0x5f5f63695f6c6173745f726567656e65726174657c693a313538343637353437333b73657373696f6e69647c733a333a22706f73223b757365725f69647c733a323a223232223b757365725f656d61696c7c733a32343a226d61676e6f6a6572616c646a6f6540676d61696c2e636f6d223b757365725f726f6c657c733a313a2231223b757365725f6f75746c65747c733a313a2230223b),
('02nddj35bqjca2er90cak1r0hmnaat9a', '::1', 1584674886, 0x5f5f63695f6c6173745f726567656e65726174657c693a313538343637343838363b73657373696f6e69647c733a333a22706f73223b757365725f69647c733a323a223232223b757365725f656d61696c7c733a32343a226d61676e6f6a6572616c646a6f6540676d61696c2e636f6d223b757365725f726f6c657c733a313a2231223b757365725f6f75746c65747c733a313a2230223b),
('0eq4818i94pvuuq8oo5pda4qv8ttq85i', '::1', 1584674052, 0x5f5f63695f6c6173745f726567656e65726174657c693a313538343637343035323b73657373696f6e69647c733a333a22706f73223b757365725f69647c733a323a223232223b757365725f656d61696c7c733a32343a226d61676e6f6a6572616c646a6f6540676d61696c2e636f6d223b757365725f726f6c657c733a313a2231223b757365725f6f75746c65747c733a313a2230223b),
('rljdovhfllo5n02d7pu3ompkj2boqek9', '::1', 1584673472, 0x5f5f63695f6c6173745f726567656e65726174657c693a313538343637333437323b73657373696f6e69647c733a333a22706f73223b757365725f69647c733a323a223232223b757365725f656d61696c7c733a32343a226d61676e6f6a6572616c646a6f6540676d61696c2e636f6d223b757365725f726f6c657c733a313a2231223b757365725f6f75746c65747c733a313a2230223b),
('b3mnsu3fc27onsda8pkcjanhu6mm3gj3', '::1', 1584673015, 0x5f5f63695f6c6173745f726567656e65726174657c693a313538343637333031353b73657373696f6e69647c733a333a22706f73223b757365725f69647c733a323a223232223b757365725f656d61696c7c733a32343a226d61676e6f6a6572616c646a6f6540676d61696c2e636f6d223b757365725f726f6c657c733a313a2231223b757365725f6f75746c65747c733a313a2230223b),
('50nuj3n8fh94lc5qcj3si0475iddnsr9', '::1', 1584671410, 0x5f5f63695f6c6173745f726567656e65726174657c693a313538343637313431303b73657373696f6e69647c733a333a22706f73223b757365725f69647c733a323a223232223b757365725f656d61696c7c733a32343a226d61676e6f6a6572616c646a6f6540676d61696c2e636f6d223b757365725f726f6c657c733a313a2231223b757365725f6f75746c65747c733a313a2230223b),
('jd73bpa5r6k13h5scd8vs9ffi8n9013d', '::1', 1584669261, 0x5f5f63695f6c6173745f726567656e65726174657c693a313538343636393236313b73657373696f6e69647c733a333a22706f73223b757365725f69647c733a323a223232223b757365725f656d61696c7c733a32343a226d61676e6f6a6572616c646a6f6540676d61696c2e636f6d223b757365725f726f6c657c733a313a2231223b757365725f6f75746c65747c733a313a2230223b),
('u2nth32a6391u1kj6tebpj03vvotorcf', '::1', 1584667555, 0x5f5f63695f6c6173745f726567656e65726174657c693a313538343636373535353b73657373696f6e69647c733a333a22706f73223b757365725f69647c733a323a223232223b757365725f656d61696c7c733a32343a226d61676e6f6a6572616c646a6f6540676d61696c2e636f6d223b757365725f726f6c657c733a313a2231223b757365725f6f75746c65747c733a313a2230223b),
('b6ueomubfk9h929lh4qau7a29becetmg', '::1', 1584666559, 0x5f5f63695f6c6173745f726567656e65726174657c693a313538343636363535393b),
('mu7sc6qorvjq3tboli08eaacavugskeb', '::1', 1584666860, 0x5f5f63695f6c6173745f726567656e65726174657c693a313538343636363836303b73657373696f6e69647c733a333a22706f73223b757365725f69647c733a323a223232223b757365725f656d61696c7c733a32343a226d61676e6f6a6572616c646a6f6540676d61696c2e636f6d223b757365725f726f6c657c733a313a2231223b757365725f6f75746c65747c733a313a2230223b),
('0d1febgl55j4aohjetn45ebbg5bsm8u3', '::1', 1584613211, 0x5f5f63695f6c6173745f726567656e65726174657c693a313538343631333231313b),
('2ec4v66bf9n5htan8p16onb2ul7m2l91', '::1', 1584604147, 0x5f5f63695f6c6173745f726567656e65726174657c693a313538343630343134303b73657373696f6e69647c733a333a22706f73223b757365725f69647c733a323a223232223b757365725f656d61696c7c733a32343a226d61676e6f6a6572616c646a6f6540676d61696c2e636f6d223b757365725f726f6c657c733a313a2231223b757365725f6f75746c65747c733a313a2230223b),
('bbodmnsqmhirq3thsqc6fem8d7fn29rq', '::1', 1584604140, 0x5f5f63695f6c6173745f726567656e65726174657c693a313538343630343134303b73657373696f6e69647c733a333a22706f73223b757365725f69647c733a323a223232223b757365725f656d61696c7c733a32343a226d61676e6f6a6572616c646a6f6540676d61696c2e636f6d223b757365725f726f6c657c733a313a2231223b757365725f6f75746c65747c733a313a2230223b),
('lcprrhcaqecmhot4k1p81uo6mcl9j4tr', '::1', 1585104304, 0x5f5f63695f6c6173745f726567656e65726174657c693a313538353130343330323b73657373696f6e69647c733a333a22706f73223b757365725f69647c733a323a223232223b757365725f656d61696c7c733a32343a226d61676e6f6a6572616c646a6f6540676d61696c2e636f6d223b757365725f726f6c657c733a313a2231223b757365725f6f75746c65747c733a313a2230223b),
('gcfvmgn51057rlhbqkkgnunq3fl7vh1j', '::1', 1585114732, 0x5f5f63695f6c6173745f726567656e65726174657c693a313538353131343733323b616c6572745f6d73677c613a333a7b693a303b733a373a226661696c757265223b693a313b733a353a224c6f67696e223b693a323b733a34313a22456d61696c204164647265737320646f206e6f74206578697374206174207468652073797374656d21223b7d5f5f63695f766172737c613a313a7b733a393a22616c6572745f6d7367223b733a333a226f6c64223b7d),
('o248ra6mlaf9rpg7snu6gr8mpvdpn9h3', '::1', 1585120839, 0x5f5f63695f6c6173745f726567656e65726174657c693a313538353132303833393b73657373696f6e69647c733a333a22706f73223b757365725f69647c733a323a223232223b757365725f656d61696c7c733a32343a226d61676e6f6a6572616c646a6f6540676d61696c2e636f6d223b757365725f726f6c657c733a313a2231223b757365725f6f75746c65747c733a313a2230223b),
('ns4tm8rf5s61e5ii1dsrllljp6hmbkso', '::1', 1585127691, 0x5f5f63695f6c6173745f726567656e65726174657c693a313538353132373639313b73657373696f6e69647c733a333a22706f73223b757365725f69647c733a323a223232223b757365725f656d61696c7c733a32343a226d61676e6f6a6572616c646a6f6540676d61696c2e636f6d223b757365725f726f6c657c733a313a2231223b757365725f6f75746c65747c733a313a2230223b),
('b7crolq21lovqj7oabc1isp3opqkttqe', '::1', 1585127691, 0x5f5f63695f6c6173745f726567656e65726174657c693a313538353132373639313b73657373696f6e69647c733a333a22706f73223b757365725f69647c733a323a223232223b757365725f656d61696c7c733a32343a226d61676e6f6a6572616c646a6f6540676d61696c2e636f6d223b757365725f726f6c657c733a313a2231223b757365725f6f75746c65747c733a313a2230223b),
('ueujcclj446f0ge3u3rv8saeaaon3q5i', '::1', 1585186586, 0x5f5f63695f6c6173745f726567656e65726174657c693a313538353138363538363b73657373696f6e69647c733a333a22706f73223b757365725f69647c733a323a223232223b757365725f656d61696c7c733a32343a226d61676e6f6a6572616c646a6f6540676d61696c2e636f6d223b757365725f726f6c657c733a313a2231223b757365725f6f75746c65747c733a313a2230223b),
('8ja1ngubeqa3to0pf6lauvni3hc3ts12', '::1', 1585189112, 0x5f5f63695f6c6173745f726567656e65726174657c693a313538353138393131323b73657373696f6e69647c733a333a22706f73223b757365725f69647c733a323a223232223b757365725f656d61696c7c733a32343a226d61676e6f6a6572616c646a6f6540676d61696c2e636f6d223b757365725f726f6c657c733a313a2231223b757365725f6f75746c65747c733a313a2230223b),
('vglsnn33h6u51f2po4nlf6bq0dnr29a0', '::1', 1585195170, 0x5f5f63695f6c6173745f726567656e65726174657c693a313538353139353137303b73657373696f6e69647c733a333a22706f73223b757365725f69647c733a323a223232223b757365725f656d61696c7c733a32343a226d61676e6f6a6572616c646a6f6540676d61696c2e636f6d223b757365725f726f6c657c733a313a2231223b757365725f6f75746c65747c733a313a2230223b),
('85e9t2eq0d4s9phj1m2h1l8a3hvg8k1e', '::1', 1585194600, 0x5f5f63695f6c6173745f726567656e65726174657c693a313538353139343630303b73657373696f6e69647c733a333a22706f73223b757365725f69647c733a323a223232223b757365725f656d61696c7c733a32343a226d61676e6f6a6572616c646a6f6540676d61696c2e636f6d223b757365725f726f6c657c733a313a2231223b757365725f6f75746c65747c733a313a2230223b),
('h3bjbq21ehjohubetk0dn0uvumo5ugks', '::1', 1585195170, 0x5f5f63695f6c6173745f726567656e65726174657c693a313538353139353137303b73657373696f6e69647c733a333a22706f73223b757365725f69647c733a323a223232223b757365725f656d61696c7c733a32343a226d61676e6f6a6572616c646a6f6540676d61696c2e636f6d223b757365725f726f6c657c733a313a2231223b757365725f6f75746c65747c733a313a2230223b),
('8ljbtm055pcu67584j4s6h3dtilcs0ao', '::1', 1585209147, 0x5f5f63695f6c6173745f726567656e65726174657c693a313538353230393134353b73657373696f6e69647c733a333a22706f73223b757365725f69647c733a323a223232223b757365725f656d61696c7c733a32343a226d61676e6f6a6572616c646a6f6540676d61696c2e636f6d223b757365725f726f6c657c733a313a2231223b757365725f6f75746c65747c733a313a2230223b),
('iqtm8fr3h5c10i0sdgmqldor9ck8j0rb', '::1', 1585214459, 0x5f5f63695f6c6173745f726567656e65726174657c693a313538353231343435393b73657373696f6e69647c733a333a22706f73223b757365725f69647c733a323a223232223b757365725f656d61696c7c733a32343a226d61676e6f6a6572616c646a6f6540676d61696c2e636f6d223b757365725f726f6c657c733a313a2231223b757365725f6f75746c65747c733a313a2230223b),
('ni4asts87mvef9jmvfjkmkvgorc4ft8v', '::1', 1585214460, 0x5f5f63695f6c6173745f726567656e65726174657c693a313538353231343435393b73657373696f6e69647c733a333a22706f73223b757365725f69647c733a323a223232223b757365725f656d61696c7c733a32343a226d61676e6f6a6572616c646a6f6540676d61696c2e636f6d223b757365725f726f6c657c733a313a2231223b757365725f6f75746c65747c733a313a2230223b),
('d9eqpc3qf2cg2rgjvotllar0vlaaf5rf', '::1', 1585275395, 0x5f5f63695f6c6173745f726567656e65726174657c693a313538353237353339353b),
('8k95jqfrp46q8fgveldvu6ei188gjh6n', '::1', 1585276681, 0x5f5f63695f6c6173745f726567656e65726174657c693a313538353237363638313b73657373696f6e69647c733a333a22706f73223b757365725f69647c733a323a223232223b757365725f656d61696c7c733a32343a226d61676e6f6a6572616c646a6f6540676d61696c2e636f6d223b757365725f726f6c657c733a313a2231223b757365725f6f75746c65747c733a313a2230223b),
('3aaqdq1i9a15q8nh6079m5phn7k8mk10', '::1', 1585276736, 0x5f5f63695f6c6173745f726567656e65726174657c693a313538353237363638313b73657373696f6e69647c733a333a22706f73223b757365725f69647c733a323a223232223b757365725f656d61696c7c733a32343a226d61676e6f6a6572616c646a6f6540676d61696c2e636f6d223b757365725f726f6c657c733a313a2231223b757365725f6f75746c65747c733a313a2230223b),
('6admq7gteahsv9ofccn3khilfupg8fap', '::1', 1585285116, 0x5f5f63695f6c6173745f726567656e65726174657c693a313538353238353131363b73657373696f6e69647c733a333a22706f73223b757365725f69647c733a323a223232223b757365725f656d61696c7c733a32343a226d61676e6f6a6572616c646a6f6540676d61696c2e636f6d223b757365725f726f6c657c733a313a2231223b757365725f6f75746c65747c733a313a2230223b),
('ssdjar765n6o2bip0g7o1dspo6e8omm8', '::1', 1585285434, 0x5f5f63695f6c6173745f726567656e65726174657c693a313538353238353433343b73657373696f6e69647c733a333a22706f73223b757365725f69647c733a323a223232223b757365725f656d61696c7c733a32343a226d61676e6f6a6572616c646a6f6540676d61696c2e636f6d223b757365725f726f6c657c733a313a2231223b757365725f6f75746c65747c733a313a2230223b),
('mmlcjhhao9d4v75kckfotnsnejpgs2mg', '::1', 1585285948, 0x5f5f63695f6c6173745f726567656e65726174657c693a313538353238353934383b73657373696f6e69647c733a333a22706f73223b757365725f69647c733a323a223232223b757365725f656d61696c7c733a32343a226d61676e6f6a6572616c646a6f6540676d61696c2e636f6d223b757365725f726f6c657c733a313a2231223b757365725f6f75746c65747c733a313a2230223b),
('g92sn032f6ej8iuhhc5e2k9tuodaklde', '::1', 1585285949, 0x5f5f63695f6c6173745f726567656e65726174657c693a313538353238353934383b73657373696f6e69647c733a333a22706f73223b757365725f69647c733a323a223232223b757365725f656d61696c7c733a32343a226d61676e6f6a6572616c646a6f6540676d61696c2e636f6d223b757365725f726f6c657c733a313a2231223b757365725f6f75746c65747c733a313a2230223b),
('v69tml5g6fftag1hbda51vfi5klpd4hq', '::1', 1585360363, 0x5f5f63695f6c6173745f726567656e65726174657c693a313538353336303336333b73657373696f6e69647c733a333a22706f73223b757365725f69647c733a323a223232223b757365725f656d61696c7c733a32343a226d61676e6f6a6572616c646a6f6540676d61696c2e636f6d223b757365725f726f6c657c733a313a2231223b757365725f6f75746c65747c733a313a2230223b),
('j6sjj024veke1cgntaf46n6n8agkhbd5', '::1', 1585366059, 0x5f5f63695f6c6173745f726567656e65726174657c693a313538353336363035393b73657373696f6e69647c733a333a22706f73223b757365725f69647c733a323a223232223b757365725f656d61696c7c733a32343a226d61676e6f6a6572616c646a6f6540676d61696c2e636f6d223b757365725f726f6c657c733a313a2231223b757365725f6f75746c65747c733a313a2230223b),
('cppjr9g8l3b8vehdra85neh9msa6l643', '::1', 1585366275, 0x5f5f63695f6c6173745f726567656e65726174657c693a313538353336363035393b73657373696f6e69647c733a333a22706f73223b757365725f69647c733a323a223232223b757365725f656d61696c7c733a32343a226d61676e6f6a6572616c646a6f6540676d61696c2e636f6d223b757365725f726f6c657c733a313a2231223b757365725f6f75746c65747c733a313a2230223b),
('l01d27467khlpovomdrbem27n2rvcbf5', '::1', 1585530291, 0x5f5f63695f6c6173745f726567656e65726174657c693a313538353533303233393b73657373696f6e69647c733a333a22706f73223b757365725f69647c733a323a223232223b757365725f656d61696c7c733a32343a226d61676e6f6a6572616c646a6f6540676d61696c2e636f6d223b757365725f726f6c657c733a313a2231223b757365725f6f75746c65747c733a313a2230223b),
('mnfqtlaue1b9c5fh49rn3jd9n7q3dao0', '::1', 1585559810, 0x5f5f63695f6c6173745f726567656e65726174657c693a313538353535393831303b),
('73srdunj7td7g84g1rsp26pc6i85dk53', '::1', 1585561341, 0x5f5f63695f6c6173745f726567656e65726174657c693a313538353536313334313b),
('l8qh5feeqbva7he5rjitmvv3d31qpdjs', '::1', 1585561341, 0x5f5f63695f6c6173745f726567656e65726174657c693a313538353536313334313b),
('v3rhh2pqmnvb177su0flaru8dsam082h', '::1', 1585621285, 0x5f5f63695f6c6173745f726567656e65726174657c693a313538353632313238353b73657373696f6e69647c733a333a22706f73223b757365725f69647c733a323a223232223b757365725f656d61696c7c733a32343a226d61676e6f6a6572616c646a6f6540676d61696c2e636f6d223b757365725f726f6c657c733a313a2231223b757365725f6f75746c65747c733a313a2230223b),
('qj7rnf696mmia7saf1ius4lm9fqgqr12', '::1', 1585621286, 0x5f5f63695f6c6173745f726567656e65726174657c693a313538353632313238353b73657373696f6e69647c733a333a22706f73223b757365725f69647c733a323a223232223b757365725f656d61696c7c733a32343a226d61676e6f6a6572616c646a6f6540676d61696c2e636f6d223b757365725f726f6c657c733a313a2231223b757365725f6f75746c65747c733a313a2230223b),
('bibge7kpjir7mk0sjcfrp9efgc890lc3', '::1', 1585649388, 0x5f5f63695f6c6173745f726567656e65726174657c693a313538353634393338353b),
('gjolpbsk5mq3sb32ej2cmv3ld273fgri', '::1', 1585712548, 0x5f5f63695f6c6173745f726567656e65726174657c693a313538353731323534383b),
('hcbs18nmkiv64qutqav798mts8ck35kh', '::1', 1585712548, 0x5f5f63695f6c6173745f726567656e65726174657c693a313538353731323534383b),
('r2c9a08kcc5sv6cknv80o8hl14clcv5h', '::1', 1585795561, 0x5f5f63695f6c6173745f726567656e65726174657c693a313538353739353536303b),
('ihfb3lf0voe4ebbog3fnk5ldttl8mr09', '::1', 1585806979, 0x5f5f63695f6c6173745f726567656e65726174657c693a313538353830363937383b),
('h9p6pkcq0qm01soio8pmq4b37pfjf5f9', '::1', 1586141813, 0x5f5f63695f6c6173745f726567656e65726174657c693a313538363134313831333b73657373696f6e69647c733a333a22706f73223b757365725f69647c733a323a223232223b757365725f656d61696c7c733a32343a226d61676e6f6a6572616c646a6f6540676d61696c2e636f6d223b757365725f726f6c657c733a313a2231223b757365725f6f75746c65747c733a313a2230223b),
('r4e7q0ntiopuo4lt1crso5qrf4mjl3g7', '::1', 1586143825, 0x5f5f63695f6c6173745f726567656e65726174657c693a313538363134333832353b73657373696f6e69647c733a333a22706f73223b757365725f69647c733a323a223232223b757365725f656d61696c7c733a32343a226d61676e6f6a6572616c646a6f6540676d61696c2e636f6d223b757365725f726f6c657c733a313a2231223b757365725f6f75746c65747c733a313a2230223b656d61696c5f73656e747c733a32333a224572726f7220696e2073656e64696e6720456d61696c2e223b5f5f63695f766172737c613a313a7b733a31303a22656d61696c5f73656e74223b733a333a226e6577223b7d),
('r2mkfed3lip8eijp1505epevr8404lgt', '::1', 1586143929, 0x5f5f63695f6c6173745f726567656e65726174657c693a313538363134333832353b73657373696f6e69647c733a333a22706f73223b757365725f69647c733a323a223232223b757365725f656d61696c7c733a32343a226d61676e6f6a6572616c646a6f6540676d61696c2e636f6d223b757365725f726f6c657c733a313a2231223b757365725f6f75746c65747c733a313a2230223b656d61696c5f73656e747c733a32333a224572726f7220696e2073656e64696e6720456d61696c2e223b5f5f63695f766172737c613a313a7b733a31303a22656d61696c5f73656e74223b733a333a226f6c64223b7d),
('rf608lmg5ge1brs7i93jetekj7c6ltq1', '::1', 1586393308, 0x5f5f63695f6c6173745f726567656e65726174657c693a313538363339333133383b656d61696c5f73656e747c733a32333a224572726f7220696e2073656e64696e6720456d61696c2e223b5f5f63695f766172737c613a313a7b733a31303a22656d61696c5f73656e74223b733a333a226f6c64223b7d),
('4m5qtqo3elgjcb73rvh33ohefcm5ibec', '::1', 1586755776, 0x5f5f63695f6c6173745f726567656e65726174657c693a313538363735353737363b),
('5rgphtnn911c2jsiritima6nj7b94j3n', '::1', 1586756703, 0x5f5f63695f6c6173745f726567656e65726174657c693a313538363735363730333b73657373696f6e69647c733a333a22706f73223b757365725f69647c733a323a223232223b757365725f656d61696c7c733a32343a226d61676e6f6a6572616c646a6f6540676d61696c2e636f6d223b757365725f726f6c657c733a313a2231223b757365725f6f75746c65747c733a313a2230223b),
('25s3q8jtigjs1r1knmr6es9f2ea58omo', '::1', 1586756736, 0x5f5f63695f6c6173745f726567656e65726174657c693a313538363735363730333b73657373696f6e69647c733a333a22706f73223b757365725f69647c733a323a223232223b757365725f656d61696c7c733a32343a226d61676e6f6a6572616c646a6f6540676d61696c2e636f6d223b757365725f726f6c657c733a313a2231223b757365725f6f75746c65747c733a313a2230223b),
('vkuoko3o0rosdvedu31dsh5i1l064s7q', '::1', 1245341293, 0x5f5f63695f6c6173745f726567656e65726174657c693a313539303634333132313b73657373696f6e69647c733a333a22706f73223b757365725f69647c733a323a223232223b757365725f656d61696c7c733a32343a226d61676e6f6a6572616c646a6f6540676d61696c2e636f6d223b757365725f726f6c657c733a313a2231223b757365725f6f75746c65747c733a313a2230223b);

-- --------------------------------------------------------

--
-- Table structure for table `currency`
--

CREATE TABLE `currency` (
  `iso` char(3) CHARACTER SET utf8 NOT NULL DEFAULT '',
  `name` varchar(200) COLLATE utf8_unicode_ci NOT NULL
) ENGINE=MyISAM DEFAULT CHARSET=utf8 COLLATE=utf8_unicode_ci;

--
-- Dumping data for table `currency`
--

INSERT INTO `currency` (`iso`, `name`) VALUES
('KRW', '(South) Korean Won'),
('AFA', 'Afghanistan Afghani'),
('ALL', 'Albanian Lek'),
('DZD', 'Algerian Dinar'),
('ADP', 'Andorran Peseta'),
('AOK', 'Angolan Kwanza'),
('ARS', 'Argentine Peso'),
('AMD', 'Armenian Dram'),
('AWG', 'Aruban Florin'),
('AUD', 'Australian Dollar'),
('BSD', 'Bahamian Dollar'),
('BHD', 'Bahraini Dinar'),
('BDT', 'Bangladeshi Taka'),
('BBD', 'Barbados Dollar'),
('BZD', 'Belize Dollar'),
('BMD', 'Bermudian Dollar'),
('BTN', 'Bhutan Ngultrum'),
('BOB', 'Bolivian Boliviano'),
('BWP', 'Botswanian Pula'),
('BRL', 'Brazilian Real'),
('GBP', 'British Pound'),
('BND', 'Brunei Dollar'),
('BGN', 'Bulgarian Lev'),
('BUK', 'Burma Kyat'),
('BIF', 'Burundi Franc'),
('CAD', 'Canadian Dollar'),
('CVE', 'Cape Verde Escudo'),
('KYD', 'Cayman Islands Dollar'),
('CLP', 'Chilean Peso'),
('CLF', 'Chilean Unidades de Fomento'),
('COP', 'Colombian Peso'),
('XOF', 'Communauté Financière Africaine BCEAO - Francs'),
('XAF', 'Communauté Financière Africaine BEAC, Francs'),
('KMF', 'Comoros Franc'),
('XPF', 'Comptoirs Français du Pacifique Francs'),
('CRC', 'Costa Rican Colon'),
('CUP', 'Cuban Peso'),
('CYP', 'Cyprus Pound'),
('CZK', 'Czech Republic Koruna'),
('DKK', 'Danish Krone'),
('YDD', 'Democratic Yemeni Dinar'),
('DOP', 'Dominican Peso'),
('XCD', 'East Caribbean Dollar'),
('TPE', 'East Timor Escudo'),
('ECS', 'Ecuador Sucre'),
('EGP', 'Egyptian Pound'),
('SVC', 'El Salvador Colon'),
('EEK', 'Estonian Kroon (EEK)'),
('ETB', 'Ethiopian Birr'),
('EUR', 'Euro'),
('FKP', 'Falkland Islands Pound'),
('FJD', 'Fiji Dollar'),
('GMD', 'Gambian Dalasi'),
('GHC', 'Ghanaian Cedi'),
('GIP', 'Gibraltar Pound'),
('XAU', 'Gold, Ounces'),
('GTQ', 'Guatemalan Quetzal'),
('GNF', 'Guinea Franc'),
('GWP', 'Guinea-Bissau Peso'),
('GYD', 'Guyanan Dollar'),
('HTG', 'Haitian Gourde'),
('HNL', 'Honduran Lempira'),
('HKD', 'Hong Kong Dollar'),
('HUF', 'Hungarian Forint'),
('INR', 'Indian Rupee'),
('IDR', 'Indonesian Rupiah'),
('XDR', 'International Monetary Fund (IMF) Special Drawing Rights'),
('IRR', 'Iranian Rial'),
('IQD', 'Iraqi Dinar'),
('IEP', 'Irish Punt'),
('ILS', 'Israeli Shekel'),
('JMD', 'Jamaican Dollar'),
('JPY', 'Japanese Yen'),
('JOD', 'Jordanian Dinar'),
('KHR', 'Kampuchean (Cambodian) Riel'),
('KES', 'Kenyan Schilling'),
('KWD', 'Kuwaiti Dinar'),
('LAK', 'Lao Kip'),
('LBP', 'Lebanese Pound'),
('LSL', 'Lesotho Loti'),
('LRD', 'Liberian Dollar'),
('LYD', 'Libyan Dinar'),
('MOP', 'Macau Pataca'),
('MGF', 'Malagasy Franc'),
('MWK', 'Malawi Kwacha'),
('MYR', 'Malaysian Ringgit'),
('MVR', 'Maldive Rufiyaa'),
('MTL', 'Maltese Lira'),
('MRO', 'Mauritanian Ouguiya'),
('MUR', 'Mauritius Rupee'),
('MXP', 'Mexican Peso'),
('MNT', 'Mongolian Tugrik'),
('MAD', 'Moroccan Dirham'),
('MZM', 'Mozambique Metical'),
('NAD', 'Namibian Dollar'),
('NPR', 'Nepalese Rupee'),
('ANG', 'Netherlands Antillian Guilder'),
('YUD', 'New Yugoslavia Dinar'),
('NZD', 'New Zealand Dollar'),
('NIO', 'Nicaraguan Cordoba'),
('NGN', 'Nigerian Naira'),
('KPW', 'North Korean Won'),
('NOK', 'Norwegian Kroner'),
('OMR', 'Omani Rial'),
('PKR', 'Pakistan Rupee'),
('XPD', 'Palladium Ounces'),
('PAB', 'Panamanian Balboa'),
('PGK', 'Papua New Guinea Kina'),
('PYG', 'Paraguay Guarani'),
('PEN', 'Peruvian Nuevo Sol'),
('PHP', 'Philippine Peso'),
('XPT', 'Platinum, Ounces'),
('PLN', 'Polish Zloty'),
('QAR', 'Qatari Rial'),
('RON', 'Romanian Leu'),
('RUB', 'Russian Ruble'),
('RWF', 'Rwanda Franc'),
('WST', 'Samoan Tala'),
('STD', 'Sao Tome and Principe Dobra'),
('SAR', 'Saudi Arabian Riyal'),
('SCR', 'Seychelles Rupee'),
('SLL', 'Sierra Leone Leone'),
('XAG', 'Silver, Ounces'),
('SGD', 'Singapore Dollar'),
('SKK', 'Slovak Koruna'),
('SBD', 'Solomon Islands Dollar'),
('SOS', 'Somali Schilling'),
('ZAR', 'South African Rand'),
('LKR', 'Sri Lanka Rupee'),
('SHP', 'St. Helena Pound'),
('SDP', 'Sudanese Pound'),
('SRG', 'Suriname Guilder'),
('SZL', 'Swaziland Lilangeni'),
('SEK', 'Swedish Krona'),
('CHF', 'Swiss Franc'),
('SYP', 'Syrian Potmd'),
('TWD', 'Taiwan Dollar'),
('TZS', 'Tanzanian Schilling'),
('THB', 'Thai Baht'),
('TOP', 'Tongan Paanga'),
('TTD', 'Trinidad and Tobago Dollar'),
('TND', 'Tunisian Dinar'),
('TRY', 'Turkish Lira'),
('UGX', 'Uganda Shilling'),
('AED', 'United Arab Emirates Dirham'),
('UYU', 'Uruguayan Peso'),
('USD', 'US Dollar'),
('VUV', 'Vanuatu Vatu'),
('VEF', 'Venezualan Bolivar'),
('VND', 'Vietnamese Dong'),
('YER', 'Yemeni Rial'),
('CNY', 'Yuan (Chinese) Renminbi'),
('ZRZ', 'Zaire Zaire'),
('ZMK', 'Zambian Kwacha'),
('ZWD', 'Zimbabwe Dollar');

-- --------------------------------------------------------

--
-- Table structure for table `customers`
--

CREATE TABLE `customers` (
  `id` int(11) NOT NULL,
  `fullname` varchar(499) COLLATE utf8_unicode_ci NOT NULL,
  `email` varchar(499) COLLATE utf8_unicode_ci NOT NULL,
  `mobile` varchar(255) COLLATE utf8_unicode_ci NOT NULL,
  `created_user_id` int(11) NOT NULL,
  `created_datetime` datetime NOT NULL
) ENGINE=MyISAM DEFAULT CHARSET=utf8 COLLATE=utf8_unicode_ci;

--
-- Dumping data for table `customers`
--

INSERT INTO `customers` (`id`, `fullname`, `email`, `mobile`, `created_user_id`, `created_datetime`) VALUES
(1, 'Walk In Customer', '', '', 1, '2016-10-18 00:00:00'),
(6, 'Jerald Joe Magno', 'magnojjm11@gmail.com', '09569330252', 22, '2020-03-20 14:13:47');

-- --------------------------------------------------------

--
-- Table structure for table `expenses`
--

CREATE TABLE `expenses` (
  `id` int(11) NOT NULL,
  `expenses_number` varchar(255) COLLATE utf8_unicode_ci NOT NULL,
  `expense_category` int(11) NOT NULL,
  `outlet_id` int(11) NOT NULL,
  `outlet_name` varchar(4999) COLLATE utf8_unicode_ci NOT NULL,
  `date` date NOT NULL,
  `amount` double(11,2) NOT NULL,
  `reason` longtext COLLATE utf8_unicode_ci NOT NULL,
  `file_name` varchar(499) COLLATE utf8_unicode_ci NOT NULL,
  `created_user_id` int(11) NOT NULL,
  `created_datetime` datetime NOT NULL,
  `updated_user_id` int(11) NOT NULL,
  `updated_datetime` datetime NOT NULL,
  `status` int(1) NOT NULL
) ENGINE=MyISAM DEFAULT CHARSET=utf8 COLLATE=utf8_unicode_ci;

-- --------------------------------------------------------

--
-- Table structure for table `expense_categories`
--

CREATE TABLE `expense_categories` (
  `id` int(11) NOT NULL,
  `name` varchar(499) COLLATE utf8_unicode_ci NOT NULL,
  `created_user_id` int(11) NOT NULL,
  `created_datetime` datetime NOT NULL,
  `updated_user_id` int(11) NOT NULL,
  `updated_datetime` datetime NOT NULL,
  `status` int(11) NOT NULL COMMENT '0: Inactive, 1: Active'
) ENGINE=MyISAM DEFAULT CHARSET=utf8 COLLATE=utf8_unicode_ci;

--
-- Dumping data for table `expense_categories`
--

INSERT INTO `expense_categories` (`id`, `name`, `created_user_id`, `created_datetime`, `updated_user_id`, `updated_datetime`, `status`) VALUES
(2, 'Rent', 1, '2017-10-28 11:04:40', 1, '2018-01-11 18:38:29', 1),
(3, 'Transport', 1, '2018-01-16 15:13:04', 0, '0000-00-00 00:00:00', 1),
(4, 'Supplies', 1, '2018-01-16 15:43:12', 1, '2018-01-16 15:44:09', 1);

-- --------------------------------------------------------

--
-- Table structure for table `gift_card`
--

CREATE TABLE `gift_card` (
  `id` int(11) NOT NULL,
  `card_number` varchar(90) COLLATE utf8_unicode_ci NOT NULL,
  `value` double(11,2) NOT NULL,
  `expiry_date` date NOT NULL,
  `created_user_id` int(11) NOT NULL,
  `created_datetime` datetime NOT NULL,
  `updated_user_id` int(11) NOT NULL,
  `updated_datetime` datetime NOT NULL,
  `status` int(1) NOT NULL COMMENT '0: haven''t use, 1: used'
) ENGINE=MyISAM DEFAULT CHARSET=utf8 COLLATE=utf8_unicode_ci;

-- --------------------------------------------------------

--
-- Table structure for table `inventory`
--

CREATE TABLE `inventory` (
  `id` int(11) NOT NULL,
  `product_code` varchar(499) COLLATE utf8_unicode_ci NOT NULL,
  `outlet_id` int(11) NOT NULL,
  `qty` int(11) NOT NULL
) ENGINE=MyISAM DEFAULT CHARSET=utf8 COLLATE=utf8_unicode_ci;

--
-- Dumping data for table `inventory`
--

INSERT INTO `inventory` (`id`, `product_code`, `outlet_id`, `qty`) VALUES
(13, 'skin1', 20, 1),
(12, 'hair1', 21, 10),
(11, 'hair1', 20, 9),
(10, 'face1', 21, 10),
(9, 'face1', 20, 49),
(14, 'skin1', 21, 5);

-- --------------------------------------------------------

--
-- Table structure for table `orders`
--

CREATE TABLE `orders` (
  `id` int(11) NOT NULL,
  `customer_id` int(11) NOT NULL,
  `customer_name` varchar(499) COLLATE utf8_unicode_ci NOT NULL,
  `customer_email` varchar(499) COLLATE utf8_unicode_ci NOT NULL,
  `customer_mobile` varchar(255) COLLATE utf8_unicode_ci NOT NULL,
  `ordered_datetime` datetime NOT NULL,
  `outlet_id` int(11) NOT NULL,
  `outlet_name` varchar(499) COLLATE utf8_unicode_ci NOT NULL,
  `outlet_address` longtext COLLATE utf8_unicode_ci NOT NULL,
  `outlet_contact` varchar(499) COLLATE utf8_unicode_ci NOT NULL,
  `outlet_receipt_footer` longtext COLLATE utf8_unicode_ci NOT NULL,
  `gift_card` varchar(90) COLLATE utf8_unicode_ci NOT NULL,
  `subtotal` double(11,2) NOT NULL,
  `discount_total` double(11,2) NOT NULL,
  `discount_percentage` varchar(255) COLLATE utf8_unicode_ci NOT NULL,
  `tax` double(11,2) NOT NULL,
  `grandtotal` double(11,2) NOT NULL,
  `total_items` int(11) NOT NULL,
  `payment_method` int(11) NOT NULL,
  `payment_method_name` varchar(255) COLLATE utf8_unicode_ci NOT NULL,
  `cheque_number` varchar(499) COLLATE utf8_unicode_ci NOT NULL,
  `paid_amt` double(11,2) NOT NULL,
  `advance` int(1) NOT NULL,
  `adv_payment_method` int(11) NOT NULL,
  `adv_payment_method_name` varchar(255) COLLATE utf8_unicode_ci NOT NULL,
  `adv_card_number` varchar(100) COLLATE utf8_unicode_ci NOT NULL,
  `adv_cheque_number` varchar(255) COLLATE utf8_unicode_ci NOT NULL,
  `adv_paid_amt` double(11,2) NOT NULL,
  `adv_ordered_datetime` datetime NOT NULL,
  `return_change` double(11,2) NOT NULL,
  `created_user_id` int(11) NOT NULL,
  `created_datetime` datetime NOT NULL,
  `updated_user_id` int(11) NOT NULL,
  `updated_datetime` datetime NOT NULL,
  `vt_status` int(11) NOT NULL COMMENT '0: Debit Payment, 1: Completed',
  `status` int(11) NOT NULL COMMENT '1: Sales, 2: Return',
  `refund_status` int(11) NOT NULL COMMENT '1: Full Refund, 2: Partial Refund',
  `remark` longtext COLLATE utf8_unicode_ci NOT NULL,
  `card_number` varchar(499) COLLATE utf8_unicode_ci NOT NULL
) ENGINE=MyISAM DEFAULT CHARSET=utf8 COLLATE=utf8_unicode_ci;

--
-- Dumping data for table `orders`
--

INSERT INTO `orders` (`id`, `customer_id`, `customer_name`, `customer_email`, `customer_mobile`, `ordered_datetime`, `outlet_id`, `outlet_name`, `outlet_address`, `outlet_contact`, `outlet_receipt_footer`, `gift_card`, `subtotal`, `discount_total`, `discount_percentage`, `tax`, `grandtotal`, `total_items`, `payment_method`, `payment_method_name`, `cheque_number`, `paid_amt`, `advance`, `adv_payment_method`, `adv_payment_method_name`, `adv_card_number`, `adv_cheque_number`, `adv_paid_amt`, `adv_ordered_datetime`, `return_change`, `created_user_id`, `created_datetime`, `updated_user_id`, `updated_datetime`, `vt_status`, `status`, `refund_status`, `remark`, `card_number`) VALUES
(92, 6, 'Jerald Joe Magno', 'magnojjm11@gmail.com', '09569330252', '2020-04-06 10:56:17', 20, 'Blue Solutions Medical', 'Clark Pampanga', '09569330252', '', '', 500.00, 0.00, '', 0.00, 500.00, 1, 1, 'Cash', '', 500.00, 0, 0, '', '', '', 0.00, '0000-00-00 00:00:00', 0.00, 22, '2020-04-06 10:56:17', 0, '0000-00-00 00:00:00', 1, 1, 0, '', ''),
(89, 6, 'Jerald Joe Magno', 'magnojjm11@gmail.com', '09569330252', '2020-03-25 09:54:03', 20, 'Blue Solutions Medical', 'Clark Pampanga', '09569330252', '', '', 500.00, 0.00, '', 0.00, 500.00, 1, 1, 'Cash', '', 500.00, 0, 0, '', '', '', 0.00, '0000-00-00 00:00:00', 0.00, 22, '2020-03-25 09:54:03', 0, '0000-00-00 00:00:00', 1, 1, 0, '', ''),
(90, 6, 'Jerald Joe Magno', 'magnojjm11@gmail.com', '09569330252', '2020-03-27 13:00:28', 20, 'Blue Solutions Medical', 'Clark Pampanga', '09569330252', '', '', 1000.00, 0.00, '', 0.00, 1000.00, 1, 1, 'Cash', '', 1000.00, 0, 0, '', '', '', 0.00, '0000-00-00 00:00:00', 0.00, 22, '2020-03-27 13:00:28', 0, '0000-00-00 00:00:00', 1, 1, 0, '', ''),
(91, 6, 'Jerald Joe Magno', 'magnojjm11@gmail.com', '09569330252', '2020-03-28 09:53:27', 20, 'Blue Solutions Medical', 'Clark Pampanga', '09569330252', '', '', 500.00, 0.00, '', 0.00, 500.00, 1, 1, 'Cash', '', 1000.00, 0, 0, '', '', '', 0.00, '0000-00-00 00:00:00', 500.00, 22, '2020-03-28 09:53:27', 0, '0000-00-00 00:00:00', 1, 1, 0, '', ''),
(87, 6, 'Jerald Joe Magno', 'magnojjm11@gmail.com', '09569330252', '2020-03-20 14:18:29', 20, 'Blue Solutions', 'Clark Pampanga', '09569330252', '', '', 500.00, 0.00, '', 50.00, 550.00, 1, 1, 'Cash', '', 600.00, 0, 0, '', '', '', 0.00, '0000-00-00 00:00:00', 50.00, 22, '2020-03-20 14:18:29', 0, '0000-00-00 00:00:00', 1, 1, 0, '', ''),
(88, 6, 'Jerald Joe Magno', 'magnojjm11@gmail.com', '09569330252', '2020-03-20 14:18:53', 20, 'Blue Solutions', 'Clark Pampanga', '09569330252', '', '', 200.00, 0.00, '', 20.00, 220.00, 1, 1, 'Cash', '', 250.00, 0, 0, '', '', '', 0.00, '0000-00-00 00:00:00', 30.00, 22, '2020-03-20 14:18:53', 0, '0000-00-00 00:00:00', 1, 1, 0, '', '');

-- --------------------------------------------------------

--
-- Table structure for table `order_items`
--

CREATE TABLE `order_items` (
  `id` int(11) NOT NULL,
  `order_id` int(11) NOT NULL,
  `product_code` varchar(499) COLLATE utf8_unicode_ci NOT NULL,
  `product_name` varchar(499) COLLATE utf8_unicode_ci NOT NULL,
  `product_category` int(11) NOT NULL,
  `cost` double(11,2) NOT NULL,
  `price` double(11,2) NOT NULL,
  `qty` int(11) NOT NULL
) ENGINE=MyISAM DEFAULT CHARSET=utf8 COLLATE=utf8_unicode_ci;

--
-- Dumping data for table `order_items`
--

INSERT INTO `order_items` (`id`, `order_id`, `product_code`, `product_name`, `product_category`, `cost`, `price`, `qty`) VALUES
(89, 92, 'skin1', 'Skin Whitening', 33, 200.00, 500.00, 1),
(88, 91, 'skin1', 'Skin Whitening', 33, 200.00, 500.00, 1),
(87, 90, 'face1', 'Buttocks', 31, 800.00, 1000.00, 1),
(86, 89, 'skin1', 'Skin Whitening', 33, 200.00, 500.00, 1),
(85, 88, 'hair1', 'Hair Strengthens', 32, 100.00, 200.00, 1),
(84, 87, 'skin1', 'Skin Whitening', 33, 200.00, 500.00, 1);

-- --------------------------------------------------------

--
-- Table structure for table `outlets`
--

CREATE TABLE `outlets` (
  `id` int(11) NOT NULL,
  `name` varchar(499) COLLATE utf8_unicode_ci NOT NULL,
  `address` longtext COLLATE utf8_unicode_ci NOT NULL,
  `contact_number` varchar(499) COLLATE utf8_unicode_ci NOT NULL,
  `receipt_header` longtext COLLATE utf8_unicode_ci NOT NULL,
  `receipt_footer` longtext COLLATE utf8_unicode_ci NOT NULL,
  `created_user_id` int(11) NOT NULL,
  `created_datetime` datetime NOT NULL,
  `updated_user_id` int(11) NOT NULL,
  `updated_datetime` datetime NOT NULL,
  `status` int(11) NOT NULL COMMENT '1: Active, 0: Inactive'
) ENGINE=MyISAM DEFAULT CHARSET=utf8 COLLATE=utf8_unicode_ci;

--
-- Dumping data for table `outlets`
--

INSERT INTO `outlets` (`id`, `name`, `address`, `contact_number`, `receipt_header`, `receipt_footer`, `created_user_id`, `created_datetime`, `updated_user_id`, `updated_datetime`, `status`) VALUES
(20, 'Blue Solutions Medical', 'Clark Pampanga', '09569330252', '', '', 22, '0000-00-00 00:00:00', 0, '0000-00-00 00:00:00', 0),
(21, 'Blue Solutions', 'Clark, Pampanga', '09569330252', '', '', 22, '0000-00-00 00:00:00', 0, '0000-00-00 00:00:00', 0);

-- --------------------------------------------------------

--
-- Table structure for table `payment_method`
--

CREATE TABLE `payment_method` (
  `id` int(11) NOT NULL,
  `name` varchar(255) COLLATE utf8_unicode_ci NOT NULL,
  `created_user_id` int(11) NOT NULL,
  `created_datetime` datetime NOT NULL,
  `updated_user_id` int(11) NOT NULL,
  `updated_datetime` datetime NOT NULL,
  `status` int(1) NOT NULL
) ENGINE=MyISAM DEFAULT CHARSET=utf8 COLLATE=utf8_unicode_ci;

--
-- Dumping data for table `payment_method`
--

INSERT INTO `payment_method` (`id`, `name`, `created_user_id`, `created_datetime`, `updated_user_id`, `updated_datetime`, `status`) VALUES
(1, 'Cash', 22, '2016-09-25 01:43:41', 0, '0000-00-00 00:00:00', 1),
(2, 'Wire Transfer', 22, '2016-09-25 01:43:45', 1, '2017-10-29 20:20:03', 1),
(3, 'VISA', 22, '2016-09-25 01:43:50', 1, '2017-10-30 11:22:11', 0),
(4, 'Card', 22, '2016-09-25 01:43:58', 1, '2017-10-29 19:41:09', 1),
(5, 'Cheque', 22, '2016-09-25 01:44:02', 1, '2017-10-29 19:51:15', 1),
(7, 'Gift Card', 22, '2016-10-16 01:23:05', 1, '2017-10-28 19:15:24', 0);

-- --------------------------------------------------------

--
-- Table structure for table `products`
--

CREATE TABLE `products` (
  `id` int(11) NOT NULL,
  `outlet_id` int(11) NOT NULL,
  `code` varchar(499) COLLATE utf8_unicode_ci NOT NULL,
  `name` varchar(499) COLLATE utf8_unicode_ci NOT NULL,
  `category` int(11) NOT NULL,
  `purchase_price` double(11,2) NOT NULL,
  `retail_price` double(11,2) NOT NULL,
  `thumbnail` varchar(499) COLLATE utf8_unicode_ci NOT NULL,
  `created_user_id` int(11) NOT NULL,
  `created_datetime` datetime NOT NULL,
  `updated_user_id` int(11) NOT NULL,
  `updated_datetime` datetime NOT NULL,
  `status` int(11) NOT NULL,
  `color` varchar(25) COLLATE utf8_unicode_ci NOT NULL
) ENGINE=MyISAM DEFAULT CHARSET=utf8 COLLATE=utf8_unicode_ci;

--
-- Dumping data for table `products`
--

INSERT INTO `products` (`id`, `outlet_id`, `code`, `name`, `category`, `purchase_price`, `retail_price`, `thumbnail`, `created_user_id`, `created_datetime`, `updated_user_id`, `updated_datetime`, `status`, `color`) VALUES
(89, 0, 'face1', 'Buttocks', 31, 800.00, 1000.00, 'face1.jpg', 22, '2020-03-20 12:25:47', 0, '0000-00-00 00:00:00', 1, ''),
(88, 0, 'hair1', 'Hair Strengthens', 32, 100.00, 200.00, 'hair1.jpg', 22, '2020-03-20 12:25:13', 0, '0000-00-00 00:00:00', 1, ''),
(87, 0, 'skin1', 'Skin Whitening', 33, 200.00, 500.00, 'skin1.jpg', 22, '2020-03-20 12:24:06', 0, '0000-00-00 00:00:00', 1, '');

-- --------------------------------------------------------

--
-- Table structure for table `purchase_order`
--

CREATE TABLE `purchase_order` (
  `id` int(11) NOT NULL,
  `po_number` varchar(499) COLLATE utf8_unicode_ci NOT NULL,
  `discount_amount` double(11,2) NOT NULL,
  `discount_percentage` varchar(30) COLLATE utf8_unicode_ci NOT NULL,
  `subTotal` double(11,2) NOT NULL,
  `tax` double(11,2) NOT NULL,
  `grandTotal` double(11,2) NOT NULL,
  `supplier_id` int(11) NOT NULL,
  `supplier_tax` double(11,2) NOT NULL,
  `supplier_name` varchar(499) COLLATE utf8_unicode_ci NOT NULL,
  `supplier_email` varchar(499) COLLATE utf8_unicode_ci NOT NULL,
  `supplier_address` longtext COLLATE utf8_unicode_ci NOT NULL,
  `supplier_tel` varchar(255) COLLATE utf8_unicode_ci NOT NULL,
  `supplier_fax` varchar(255) COLLATE utf8_unicode_ci NOT NULL,
  `outlet_id` int(11) NOT NULL,
  `outlet_name` varchar(499) COLLATE utf8_unicode_ci NOT NULL,
  `outlet_address` longtext COLLATE utf8_unicode_ci NOT NULL,
  `outlet_contact` varchar(499) COLLATE utf8_unicode_ci NOT NULL,
  `po_date` date NOT NULL,
  `attachment_file` varchar(499) COLLATE utf8_unicode_ci NOT NULL,
  `note` longtext COLLATE utf8_unicode_ci NOT NULL,
  `created_user_id` int(11) NOT NULL,
  `created_datetime` datetime NOT NULL,
  `updated_user_id` int(11) NOT NULL,
  `updated_datetime` datetime NOT NULL,
  `received_user_id` int(11) NOT NULL,
  `received_datetime` datetime NOT NULL,
  `status` int(11) NOT NULL
) ENGINE=MyISAM DEFAULT CHARSET=utf8 COLLATE=utf8_unicode_ci;

-- --------------------------------------------------------

--
-- Table structure for table `purchase_order_items`
--

CREATE TABLE `purchase_order_items` (
  `id` int(11) NOT NULL,
  `po_id` int(11) NOT NULL,
  `product_code` varchar(499) COLLATE utf8_unicode_ci NOT NULL,
  `ordered_qty` int(11) NOT NULL,
  `received_qty` int(11) NOT NULL,
  `cost` double(11,2) NOT NULL
) ENGINE=MyISAM DEFAULT CHARSET=utf8 COLLATE=utf8_unicode_ci;

-- --------------------------------------------------------

--
-- Table structure for table `purchase_order_status`
--

CREATE TABLE `purchase_order_status` (
  `id` int(11) NOT NULL,
  `name` varchar(255) COLLATE utf8_unicode_ci NOT NULL,
  `created_user_id` int(11) NOT NULL,
  `created_datetime` datetime NOT NULL,
  `updated_user_id` int(11) NOT NULL,
  `updated_datetime` datetime NOT NULL,
  `status` int(11) NOT NULL
) ENGINE=MyISAM DEFAULT CHARSET=utf8 COLLATE=utf8_unicode_ci;

--
-- Dumping data for table `purchase_order_status`
--

INSERT INTO `purchase_order_status` (`id`, `name`, `created_user_id`, `created_datetime`, `updated_user_id`, `updated_datetime`, `status`) VALUES
(1, 'Created', 1, '2016-09-10 00:00:00', 0, '0000-00-00 00:00:00', 1),
(2, 'Sent To Supplier', 1, '2016-09-10 00:00:00', 0, '0000-00-00 00:00:00', 1),
(3, 'Received From Supplier', 1, '2016-09-10 00:00:00', 0, '0000-00-00 00:00:00', 1);

-- --------------------------------------------------------

--
-- Table structure for table `return_items`
--

CREATE TABLE `return_items` (
  `id` int(11) NOT NULL,
  `order_id` int(11) NOT NULL,
  `product_code` varchar(499) COLLATE utf8_unicode_ci NOT NULL,
  `price` double(11,2) NOT NULL,
  `qty` int(11) NOT NULL,
  `item_condition` int(11) NOT NULL COMMENT '1: Good, 2: Not Good'
) ENGINE=MyISAM DEFAULT CHARSET=utf8 COLLATE=utf8_unicode_ci;

-- --------------------------------------------------------

--
-- Table structure for table `site_setting`
--

CREATE TABLE `site_setting` (
  `id` int(11) NOT NULL,
  `site_name` varchar(499) COLLATE utf8_unicode_ci NOT NULL,
  `site_logo` varchar(255) COLLATE utf8_unicode_ci NOT NULL,
  `timezone` varchar(499) COLLATE utf8_unicode_ci NOT NULL,
  `pagination` int(11) NOT NULL,
  `tax` double(11,2) NOT NULL,
  `currency` char(3) COLLATE utf8_unicode_ci NOT NULL,
  `datetime_format` varchar(30) COLLATE utf8_unicode_ci NOT NULL,
  `display_product` int(11) NOT NULL,
  `display_keyboard` int(11) NOT NULL,
  `default_customer_id` int(11) NOT NULL,
  `updated_user_id` int(11) NOT NULL,
  `updated_datetime` datetime NOT NULL,
  `site_setting_for_user` int(11) NOT NULL
) ENGINE=MyISAM DEFAULT CHARSET=utf8 COLLATE=utf8_unicode_ci;

--
-- Dumping data for table `site_setting`
--

INSERT INTO `site_setting` (`id`, `site_name`, `site_logo`, `timezone`, `pagination`, `tax`, `currency`, `datetime_format`, `display_product`, `display_keyboard`, `default_customer_id`, `updated_user_id`, `updated_datetime`, `site_setting_for_user`) VALUES
(1, 'Blue Pos', 'logo.jpg', 'Asia/Manila', 10, 0.00, 'PHP', 'd-m-Y', 1, 6, 0, 22, '2020-03-20 14:58:13', 22);

-- --------------------------------------------------------

--
-- Table structure for table `suppliers`
--

CREATE TABLE `suppliers` (
  `id` int(11) NOT NULL,
  `name` varchar(4999) COLLATE utf8_unicode_ci NOT NULL,
  `tax` double(11,2) NOT NULL,
  `email` varchar(255) COLLATE utf8_unicode_ci NOT NULL,
  `address` longtext COLLATE utf8_unicode_ci NOT NULL,
  `tel` varchar(255) COLLATE utf8_unicode_ci NOT NULL,
  `fax` varchar(255) COLLATE utf8_unicode_ci NOT NULL,
  `created_user_id` int(11) NOT NULL,
  `created_datetime` datetime NOT NULL,
  `updated_user_id` int(11) NOT NULL,
  `updated_datetime` datetime NOT NULL,
  `status` int(1) NOT NULL
) ENGINE=MyISAM DEFAULT CHARSET=utf8 COLLATE=utf8_unicode_ci;

-- --------------------------------------------------------

--
-- Table structure for table `suspend`
--

CREATE TABLE `suspend` (
  `id` int(11) NOT NULL,
  `customer_id` int(11) NOT NULL,
  `fullname` varchar(499) COLLATE utf8_unicode_ci NOT NULL,
  `email` varchar(499) COLLATE utf8_unicode_ci NOT NULL,
  `mobile` varchar(255) COLLATE utf8_unicode_ci NOT NULL,
  `ref_number` varchar(499) COLLATE utf8_unicode_ci NOT NULL,
  `outlet_id` int(11) NOT NULL,
  `subtotal` double(11,2) NOT NULL,
  `discount_total` double(11,2) NOT NULL,
  `tax` double(11,2) NOT NULL,
  `grandtotal` double(11,2) NOT NULL,
  `total_items` int(11) NOT NULL,
  `created_user_id` int(11) NOT NULL,
  `created_datetime` datetime NOT NULL,
  `updated_user_id` int(11) NOT NULL,
  `updated_datetime` datetime NOT NULL,
  `status` int(11) NOT NULL
) ENGINE=MyISAM DEFAULT CHARSET=utf8 COLLATE=utf8_unicode_ci;

-- --------------------------------------------------------

--
-- Table structure for table `suspend_items`
--

CREATE TABLE `suspend_items` (
  `id` int(11) NOT NULL,
  `suspend_id` int(11) NOT NULL,
  `product_code` varchar(499) COLLATE utf8_unicode_ci NOT NULL,
  `product_name` varchar(499) COLLATE utf8_unicode_ci NOT NULL,
  `product_category` int(11) NOT NULL,
  `product_cost` double(11,2) NOT NULL,
  `qty` int(11) NOT NULL,
  `product_price` varchar(499) COLLATE utf8_unicode_ci NOT NULL
) ENGINE=MyISAM DEFAULT CHARSET=utf8 COLLATE=utf8_unicode_ci;

-- --------------------------------------------------------

--
-- Table structure for table `timezones`
--

CREATE TABLE `timezones` (
  `id` int(11) NOT NULL,
  `code` varchar(30) COLLATE utf8_unicode_ci NOT NULL,
  `timezone` varchar(499) COLLATE utf8_unicode_ci NOT NULL
) ENGINE=MyISAM DEFAULT CHARSET=utf8 COLLATE=utf8_unicode_ci;

--
-- Dumping data for table `timezones`
--

INSERT INTO `timezones` (`id`, `code`, `timezone`) VALUES
(1, 'AD', 'Europe/Andorra'),
(2, 'AE', 'Asia/Dubai'),
(3, 'AF', 'Asia/Kabul'),
(4, 'AG', 'America/Antigua'),
(5, 'AI', 'America/Anguilla'),
(6, 'AL', 'Europe/Tirane'),
(7, 'AM', 'Asia/Yerevan'),
(8, 'AO', 'Africa/Luanda'),
(9, 'AQ', 'Antarctica/McMurdo'),
(10, 'AQ', 'Antarctica/Casey'),
(11, 'AQ', 'Antarctica/Davis'),
(12, 'AQ', 'Antarctica/DumontDUrville'),
(13, 'AQ', 'Antarctica/Mawson'),
(14, 'AQ', 'Antarctica/Palmer'),
(15, 'AQ', 'Antarctica/Rothera'),
(16, 'AQ', 'Antarctica/Syowa'),
(17, 'AQ', 'Antarctica/Troll'),
(18, 'AQ', 'Antarctica/Vostok'),
(19, 'AR', 'America/Argentina/Buenos_Aires'),
(20, 'AR', 'America/Argentina/Cordoba'),
(21, 'AR', 'America/Argentina/Salta'),
(22, 'AR', 'America/Argentina/Jujuy'),
(23, 'AR', 'America/Argentina/Tucuman'),
(24, 'AR', 'America/Argentina/Catamarca'),
(25, 'AR', 'America/Argentina/La_Rioja'),
(26, 'AR', 'America/Argentina/San_Juan'),
(27, 'AR', 'America/Argentina/Mendoza'),
(28, 'AR', 'America/Argentina/San_Luis'),
(29, 'AR', 'America/Argentina/Rio_Gallegos'),
(30, 'AR', 'America/Argentina/Ushuaia'),
(31, 'AS', 'Pacific/Pago_Pago'),
(32, 'AT', 'Europe/Vienna'),
(33, 'AU', 'Australia/Lord_Howe'),
(34, 'AU', 'Antarctica/Macquarie'),
(35, 'AU', 'Australia/Hobart'),
(36, 'AU', 'Australia/Currie'),
(37, 'AU', 'Australia/Melbourne'),
(38, 'AU', 'Australia/Sydney'),
(39, 'AU', 'Australia/Broken_Hill'),
(40, 'AU', 'Australia/Brisbane'),
(41, 'AU', 'Australia/Lindeman'),
(42, 'AU', 'Australia/Adelaide'),
(43, 'AU', 'Australia/Darwin'),
(44, 'AU', 'Australia/Perth'),
(45, 'AU', 'Australia/Eucla'),
(46, 'AW', 'America/Aruba'),
(47, 'AX', 'Europe/Mariehamn'),
(48, 'AZ', 'Asia/Baku'),
(49, 'BA', 'Europe/Sarajevo'),
(50, 'BB', 'America/Barbados'),
(51, 'BD', 'Asia/Dhaka'),
(52, 'BE', 'Europe/Brussels'),
(53, 'BF', 'Africa/Ouagadougou'),
(54, 'BG', 'Europe/Sofia'),
(55, 'BH', 'Asia/Bahrain'),
(56, 'BI', 'Africa/Bujumbura'),
(57, 'BJ', 'Africa/Porto-Novo'),
(58, 'BL', 'America/St_Barthelemy'),
(59, 'BM', 'Atlantic/Bermuda'),
(60, 'BN', 'Asia/Brunei'),
(61, 'BO', 'America/La_Paz'),
(62, 'BQ', 'America/Kralendijk'),
(63, 'BR', 'America/Noronha'),
(64, 'BR', 'America/Belem'),
(65, 'BR', 'America/Fortaleza'),
(66, 'BR', 'America/Recife'),
(67, 'BR', 'America/Araguaina'),
(68, 'BR', 'America/Maceio'),
(69, 'BR', 'America/Bahia'),
(70, 'BR', 'America/Sao_Paulo'),
(71, 'BR', 'America/Campo_Grande'),
(72, 'BR', 'America/Cuiaba'),
(73, 'BR', 'America/Santarem'),
(74, 'BR', 'America/Porto_Velho'),
(75, 'BR', 'America/Boa_Vista'),
(76, 'BR', 'America/Manaus'),
(77, 'BR', 'America/Eirunepe'),
(78, 'BR', 'America/Rio_Branco'),
(79, 'BS', 'America/Nassau'),
(80, 'BT', 'Asia/Thimphu'),
(81, 'BW', 'Africa/Gaborone'),
(82, 'BY', 'Europe/Minsk'),
(83, 'BZ', 'America/Belize'),
(84, 'CA', 'America/St_Johns'),
(85, 'CA', 'America/Halifax'),
(86, 'CA', 'America/Glace_Bay'),
(87, 'CA', 'America/Moncton'),
(88, 'CA', 'America/Goose_Bay'),
(89, 'CA', 'America/Blanc-Sablon'),
(90, 'CA', 'America/Toronto'),
(91, 'CA', 'America/Nipigon'),
(92, 'CA', 'America/Thunder_Bay'),
(93, 'CA', 'America/Iqaluit'),
(94, 'CA', 'America/Pangnirtung'),
(95, 'CA', 'America/Atikokan'),
(96, 'CA', 'America/Winnipeg'),
(97, 'CA', 'America/Rainy_River'),
(98, 'CA', 'America/Resolute'),
(99, 'CA', 'America/Rankin_Inlet'),
(100, 'CA', 'America/Regina'),
(101, 'CA', 'America/Swift_Current'),
(102, 'CA', 'America/Edmonton'),
(103, 'CA', 'America/Cambridge_Bay'),
(104, 'CA', 'America/Yellowknife'),
(105, 'CA', 'America/Inuvik'),
(106, 'CA', 'America/Creston'),
(107, 'CA', 'America/Dawson_Creek'),
(108, 'CA', 'America/Fort_Nelson'),
(109, 'CA', 'America/Vancouver'),
(110, 'CA', 'America/Whitehorse'),
(111, 'CA', 'America/Dawson'),
(112, 'CC', 'Indian/Cocos'),
(113, 'CD', 'Africa/Kinshasa'),
(114, 'CD', 'Africa/Lubumbashi'),
(115, 'CF', 'Africa/Bangui'),
(116, 'CG', 'Africa/Brazzaville'),
(117, 'CH', 'Europe/Zurich'),
(118, 'CI', 'Africa/Abidjan'),
(119, 'CK', 'Pacific/Rarotonga'),
(120, 'CL', 'America/Santiago'),
(121, 'CL', 'Pacific/Easter'),
(122, 'CM', 'Africa/Douala'),
(123, 'CN', 'Asia/Shanghai'),
(124, 'CN', 'Asia/Urumqi'),
(125, 'CO', 'America/Bogota'),
(126, 'CR', 'America/Costa_Rica'),
(127, 'CU', 'America/Havana'),
(128, 'CV', 'Atlantic/Cape_Verde'),
(129, 'CW', 'America/Curacao'),
(130, 'CX', 'Indian/Christmas'),
(131, 'CY', 'Asia/Nicosia'),
(132, 'CZ', 'Europe/Prague'),
(133, 'DE', 'Europe/Berlin'),
(134, 'DE', 'Europe/Busingen'),
(135, 'DJ', 'Africa/Djibouti'),
(136, 'DK', 'Europe/Copenhagen'),
(137, 'DM', 'America/Dominica'),
(138, 'DO', 'America/Santo_Domingo'),
(139, 'DZ', 'Africa/Algiers'),
(140, 'EC', 'America/Guayaquil'),
(141, 'EC', 'Pacific/Galapagos'),
(142, 'EE', 'Europe/Tallinn'),
(143, 'EG', 'Africa/Cairo'),
(144, 'EH', 'Africa/El_Aaiun'),
(145, 'ER', 'Africa/Asmara'),
(146, 'ES', 'Europe/Madrid'),
(147, 'ES', 'Africa/Ceuta'),
(148, 'ES', 'Atlantic/Canary'),
(149, 'ET', 'Africa/Addis_Ababa'),
(150, 'FI', 'Europe/Helsinki'),
(151, 'FJ', 'Pacific/Fiji'),
(152, 'FK', 'Atlantic/Stanley'),
(153, 'FM', 'Pacific/Chuuk'),
(154, 'FM', 'Pacific/Pohnpei'),
(155, 'FM', 'Pacific/Kosrae'),
(156, 'FO', 'Atlantic/Faroe'),
(157, 'FR', 'Europe/Paris'),
(158, 'GA', 'Africa/Libreville'),
(159, 'GB', 'Europe/London'),
(160, 'GD', 'America/Grenada'),
(161, 'GE', 'Asia/Tbilisi'),
(162, 'GF', 'America/Cayenne'),
(163, 'GG', 'Europe/Guernsey'),
(164, 'GH', 'Africa/Accra'),
(165, 'GI', 'Europe/Gibraltar'),
(166, 'GL', 'America/Godthab'),
(167, 'GL', 'America/Danmarkshavn'),
(168, 'GL', 'America/Scoresbysund'),
(169, 'GL', 'America/Thule'),
(170, 'GM', 'Africa/Banjul'),
(171, 'GN', 'Africa/Conakry'),
(172, 'GP', 'America/Guadeloupe'),
(173, 'GQ', 'Africa/Malabo'),
(174, 'GR', 'Europe/Athens'),
(175, 'GS', 'Atlantic/South_Georgia'),
(176, 'GT', 'America/Guatemala'),
(177, 'GU', 'Pacific/Guam'),
(178, 'GW', 'Africa/Bissau'),
(179, 'GY', 'America/Guyana'),
(180, 'HK', 'Asia/Hong_Kong'),
(181, 'HN', 'America/Tegucigalpa'),
(182, 'HR', 'Europe/Zagreb'),
(183, 'HT', 'America/Port-au-Prince'),
(184, 'HU', 'Europe/Budapest'),
(185, 'ID', 'Asia/Jakarta'),
(186, 'ID', 'Asia/Pontianak'),
(187, 'ID', 'Asia/Makassar'),
(188, 'ID', 'Asia/Jayapura'),
(189, 'IE', 'Europe/Dublin'),
(190, 'IL', 'Asia/Jerusalem'),
(191, 'IM', 'Europe/Isle_of_Man'),
(192, 'IN', 'Asia/Kolkata'),
(193, 'IO', 'Indian/Chagos'),
(194, 'IQ', 'Asia/Baghdad'),
(195, 'IR', 'Asia/Tehran'),
(196, 'IS', 'Atlantic/Reykjavik'),
(197, 'IT', 'Europe/Rome'),
(198, 'JE', 'Europe/Jersey'),
(199, 'JM', 'America/Jamaica'),
(200, 'JO', 'Asia/Amman'),
(201, 'JP', 'Asia/Tokyo'),
(202, 'KE', 'Africa/Nairobi'),
(203, 'KG', 'Asia/Bishkek'),
(204, 'KH', 'Asia/Phnom_Penh'),
(205, 'KI', 'Pacific/Tarawa'),
(206, 'KI', 'Pacific/Enderbury'),
(207, 'KI', 'Pacific/Kiritimati'),
(208, 'KM', 'Indian/Comoro'),
(209, 'KN', 'America/St_Kitts'),
(210, 'KP', 'Asia/Pyongyang'),
(211, 'KR', 'Asia/Seoul'),
(212, 'KW', 'Asia/Kuwait'),
(213, 'KY', 'America/Cayman'),
(214, 'KZ', 'Asia/Almaty'),
(215, 'KZ', 'Asia/Qyzylorda'),
(216, 'KZ', 'Asia/Aqtobe'),
(217, 'KZ', 'Asia/Aqtau'),
(218, 'KZ', 'Asia/Oral'),
(219, 'LA', 'Asia/Vientiane'),
(220, 'LB', 'Asia/Beirut'),
(221, 'LC', 'America/St_Lucia'),
(222, 'LI', 'Europe/Vaduz'),
(223, 'LK', 'Asia/Colombo'),
(224, 'LR', 'Africa/Monrovia'),
(225, 'LS', 'Africa/Maseru'),
(226, 'LT', 'Europe/Vilnius'),
(227, 'LU', 'Europe/Luxembourg'),
(228, 'LV', 'Europe/Riga'),
(229, 'LY', 'Africa/Tripoli'),
(230, 'MA', 'Africa/Casablanca'),
(231, 'MC', 'Europe/Monaco'),
(232, 'MD', 'Europe/Chisinau'),
(233, 'ME', 'Europe/Podgorica'),
(234, 'MF', 'America/Marigot'),
(235, 'MG', 'Indian/Antananarivo'),
(236, 'MH', 'Pacific/Majuro'),
(237, 'MH', 'Pacific/Kwajalein'),
(238, 'MK', 'Europe/Skopje'),
(239, 'ML', 'Africa/Bamako'),
(240, 'MM', 'Asia/Rangoon'),
(241, 'MN', 'Asia/Ulaanbaatar'),
(242, 'MN', 'Asia/Hovd'),
(243, 'MN', 'Asia/Choibalsan'),
(244, 'MO', 'Asia/Macau'),
(245, 'MP', 'Pacific/Saipan'),
(246, 'MQ', 'America/Martinique'),
(247, 'MR', 'Africa/Nouakchott'),
(248, 'MS', 'America/Montserrat'),
(249, 'MT', 'Europe/Malta'),
(250, 'MU', 'Indian/Mauritius'),
(251, 'MV', 'Indian/Maldives'),
(252, 'MW', 'Africa/Blantyre'),
(253, 'MX', 'America/Mexico_City'),
(254, 'MX', 'America/Cancun'),
(255, 'MX', 'America/Merida'),
(256, 'MX', 'America/Monterrey'),
(257, 'MX', 'America/Matamoros'),
(258, 'MX', 'America/Mazatlan'),
(259, 'MX', 'America/Chihuahua'),
(260, 'MX', 'America/Ojinaga'),
(261, 'MX', 'America/Hermosillo'),
(262, 'MX', 'America/Tijuana'),
(263, 'MX', 'America/Bahia_Banderas'),
(264, 'MY', 'Asia/Kuala_Lumpur'),
(265, 'MY', 'Asia/Kuching'),
(266, 'MZ', 'Africa/Maputo'),
(267, 'NA', 'Africa/Windhoek'),
(268, 'NC', 'Pacific/Noumea'),
(269, 'NE', 'Africa/Niamey'),
(270, 'NF', 'Pacific/Norfolk'),
(271, 'NG', 'Africa/Lagos'),
(272, 'NI', 'America/Managua'),
(273, 'NL', 'Europe/Amsterdam'),
(274, 'NO', 'Europe/Oslo'),
(275, 'NP', 'Asia/Kathmandu'),
(276, 'NR', 'Pacific/Nauru'),
(277, 'NU', 'Pacific/Niue'),
(278, 'NZ', 'Pacific/Auckland'),
(279, 'NZ', 'Pacific/Chatham'),
(280, 'OM', 'Asia/Muscat'),
(281, 'PA', 'America/Panama'),
(282, 'PE', 'America/Lima'),
(283, 'PF', 'Pacific/Tahiti'),
(284, 'PF', 'Pacific/Marquesas'),
(285, 'PF', 'Pacific/Gambier'),
(286, 'PG', 'Pacific/Port_Moresby'),
(287, 'PG', 'Pacific/Bougainville'),
(288, 'PH', 'Asia/Manila'),
(289, 'PK', 'Asia/Karachi'),
(290, 'PL', 'Europe/Warsaw'),
(291, 'PM', 'America/Miquelon'),
(292, 'PN', 'Pacific/Pitcairn'),
(293, 'PR', 'America/Puerto_Rico'),
(294, 'PS', 'Asia/Gaza'),
(295, 'PS', 'Asia/Hebron'),
(296, 'PT', 'Europe/Lisbon'),
(297, 'PT', 'Atlantic/Madeira'),
(298, 'PT', 'Atlantic/Azores'),
(299, 'PW', 'Pacific/Palau'),
(300, 'PY', 'America/Asuncion'),
(301, 'QA', 'Asia/Qatar'),
(302, 'RE', 'Indian/Reunion'),
(303, 'RO', 'Europe/Bucharest'),
(304, 'RS', 'Europe/Belgrade'),
(305, 'RU', 'Europe/Kaliningrad'),
(306, 'RU', 'Europe/Moscow'),
(307, 'RU', 'Europe/Simferopol'),
(308, 'RU', 'Europe/Volgograd'),
(309, 'RU', 'Europe/Kirov'),
(310, 'RU', 'Europe/Astrakhan'),
(311, 'RU', 'Europe/Samara'),
(312, 'RU', 'Europe/Ulyanovsk'),
(313, 'RU', 'Asia/Yekaterinburg'),
(314, 'RU', 'Asia/Omsk'),
(315, 'RU', 'Asia/Novosibirsk'),
(316, 'RU', 'Asia/Barnaul'),
(317, 'RU', 'Asia/Tomsk'),
(318, 'RU', 'Asia/Novokuznetsk'),
(319, 'RU', 'Asia/Krasnoyarsk'),
(320, 'RU', 'Asia/Irkutsk'),
(321, 'RU', 'Asia/Chita'),
(322, 'RU', 'Asia/Yakutsk'),
(323, 'RU', 'Asia/Khandyga'),
(324, 'RU', 'Asia/Vladivostok'),
(325, 'RU', 'Asia/Ust-Nera'),
(326, 'RU', 'Asia/Magadan'),
(327, 'RU', 'Asia/Sakhalin'),
(328, 'RU', 'Asia/Srednekolymsk'),
(329, 'RU', 'Asia/Kamchatka'),
(330, 'RU', 'Asia/Anadyr'),
(331, 'RW', 'Africa/Kigali'),
(332, 'SA', 'Asia/Riyadh'),
(333, 'SB', 'Pacific/Guadalcanal'),
(334, 'SC', 'Indian/Mahe'),
(335, 'SD', 'Africa/Khartoum'),
(336, 'SE', 'Europe/Stockholm'),
(337, 'SG', 'Asia/Singapore'),
(338, 'SH', 'Atlantic/St_Helena'),
(339, 'SI', 'Europe/Ljubljana'),
(340, 'SJ', 'Arctic/Longyearbyen'),
(341, 'SK', 'Europe/Bratislava'),
(342, 'SL', 'Africa/Freetown'),
(343, 'SM', 'Europe/San_Marino'),
(344, 'SN', 'Africa/Dakar'),
(345, 'SO', 'Africa/Mogadishu'),
(346, 'SR', 'America/Paramaribo'),
(347, 'SS', 'Africa/Juba'),
(348, 'ST', 'Africa/Sao_Tome'),
(349, 'SV', 'America/El_Salvador'),
(350, 'SX', 'America/Lower_Princes'),
(351, 'SY', 'Asia/Damascus'),
(352, 'SZ', 'Africa/Mbabane'),
(353, 'TC', 'America/Grand_Turk'),
(354, 'TD', 'Africa/Ndjamena'),
(355, 'TF', 'Indian/Kerguelen'),
(356, 'TG', 'Africa/Lome'),
(357, 'TH', 'Asia/Bangkok'),
(358, 'TJ', 'Asia/Dushanbe'),
(359, 'TK', 'Pacific/Fakaofo'),
(360, 'TL', 'Asia/Dili'),
(361, 'TM', 'Asia/Ashgabat'),
(362, 'TN', 'Africa/Tunis'),
(363, 'TO', 'Pacific/Tongatapu'),
(364, 'TR', 'Europe/Istanbul'),
(365, 'TT', 'America/Port_of_Spain'),
(366, 'TV', 'Pacific/Funafuti'),
(367, 'TW', 'Asia/Taipei'),
(368, 'TZ', 'Africa/Dar_es_Salaam'),
(369, 'UA', 'Europe/Kiev'),
(370, 'UA', 'Europe/Uzhgorod'),
(371, 'UA', 'Europe/Zaporozhye'),
(372, 'UG', 'Africa/Kampala'),
(373, 'UM', 'Pacific/Johnston'),
(374, 'UM', 'Pacific/Midway'),
(375, 'UM', 'Pacific/Wake'),
(376, 'US', 'America/New_York'),
(377, 'US', 'America/Detroit'),
(378, 'US', 'America/Kentucky/Louisville'),
(379, 'US', 'America/Kentucky/Monticello'),
(380, 'US', 'America/Indiana/Indianapolis'),
(381, 'US', 'America/Indiana/Vincennes'),
(382, 'US', 'America/Indiana/Winamac'),
(383, 'US', 'America/Indiana/Marengo'),
(384, 'US', 'America/Indiana/Petersburg'),
(385, 'US', 'America/Indiana/Vevay'),
(386, 'US', 'America/Chicago'),
(387, 'US', 'America/Indiana/Tell_City'),
(388, 'US', 'America/Indiana/Knox'),
(389, 'US', 'America/Menominee'),
(390, 'US', 'America/North_Dakota/Center'),
(391, 'US', 'America/North_Dakota/New_Salem'),
(392, 'US', 'America/North_Dakota/Beulah'),
(393, 'US', 'America/Denver'),
(394, 'US', 'America/Boise'),
(395, 'US', 'America/Phoenix'),
(396, 'US', 'America/Los_Angeles'),
(397, 'US', 'America/Anchorage'),
(398, 'US', 'America/Juneau'),
(399, 'US', 'America/Sitka'),
(400, 'US', 'America/Metlakatla'),
(401, 'US', 'America/Yakutat'),
(402, 'US', 'America/Nome'),
(403, 'US', 'America/Adak'),
(404, 'US', 'Pacific/Honolulu'),
(405, 'UY', 'America/Montevideo'),
(406, 'UZ', 'Asia/Samarkand'),
(407, 'UZ', 'Asia/Tashkent'),
(408, 'VA', 'Europe/Vatican'),
(409, 'VC', 'America/St_Vincent'),
(410, 'VE', 'America/Caracas'),
(411, 'VG', 'America/Tortola'),
(412, 'VI', 'America/St_Thomas'),
(413, 'VN', 'Asia/Ho_Chi_Minh'),
(414, 'VU', 'Pacific/Efate'),
(415, 'WF', 'Pacific/Wallis'),
(416, 'WS', 'Pacific/Apia'),
(417, 'YE', 'Asia/Aden'),
(418, 'YT', 'Indian/Mayotte'),
(419, 'ZA', 'Africa/Johannesburg'),
(420, 'ZM', 'Africa/Lusaka'),
(421, 'ZW', 'Africa/Harare');

-- --------------------------------------------------------

--
-- Table structure for table `users`
--

CREATE TABLE `users` (
  `id` int(11) NOT NULL,
  `fullname` varchar(499) COLLATE utf8_unicode_ci NOT NULL,
  `mobile` varchar(10) COLLATE utf8_unicode_ci NOT NULL,
  `email` varchar(255) COLLATE utf8_unicode_ci NOT NULL,
  `password` varchar(499) COLLATE utf8_unicode_ci NOT NULL,
  `role_id` int(11) NOT NULL,
  `outlet_id` int(11) NOT NULL,
  `created_user_id` int(11) NOT NULL,
  `created_datetime` datetime NOT NULL,
  `updated_user_id` int(11) NOT NULL,
  `updated_datetime` datetime NOT NULL,
  `status` int(1) NOT NULL
) ENGINE=MyISAM DEFAULT CHARSET=utf8 COLLATE=utf8_unicode_ci;

--
-- Dumping data for table `users`
--

INSERT INTO `users` (`id`, `fullname`, `mobile`, `email`, `password`, `role_id`, `outlet_id`, `created_user_id`, `created_datetime`, `updated_user_id`, `updated_datetime`, `status`) VALUES
(22, 'Jerald Joe Magno', '', 'magnojeraldjoe@gmail.com', '1899d23043ef75f1f9c9517b0fd24605', 1, 0, 0, '0000-00-00 00:00:00', 15, '2018-01-31 11:51:27', 1),
(14, 'Sales', '', 'sales@sales.com', '25d55ad283aa400af464c76d713c07ad', 3, 3, 1, '2017-10-27 21:08:57', 1, '2017-10-31 02:42:01', 1);

-- --------------------------------------------------------

--
-- Table structure for table `user_roles`
--

CREATE TABLE `user_roles` (
  `id` int(11) NOT NULL,
  `name` varchar(255) COLLATE utf8_unicode_ci NOT NULL,
  `created_user_id` int(11) NOT NULL,
  `created_datetime` datetime NOT NULL,
  `updated_user_id` int(11) NOT NULL,
  `updated_datetime` datetime NOT NULL
) ENGINE=MyISAM DEFAULT CHARSET=utf8 COLLATE=utf8_unicode_ci;

--
-- Dumping data for table `user_roles`
--

INSERT INTO `user_roles` (`id`, `name`, `created_user_id`, `created_datetime`, `updated_user_id`, `updated_datetime`) VALUES
(1, 'Administrator', 22, '2016-08-16 00:00:00', 0, '0000-00-00 00:00:00'),
(2, 'Manager', 22, '2016-08-16 00:00:00', 0, '0000-00-00 00:00:00'),
(3, 'Sales Person', 22, '2016-08-16 00:00:00', 0, '0000-00-00 00:00:00');

--
-- Indexes for dumped tables
--

--
-- Indexes for table `category`
--
ALTER TABLE `category`
  ADD PRIMARY KEY (`id`);

--
-- Indexes for table `ci_sessions`
--
ALTER TABLE `ci_sessions`
  ADD PRIMARY KEY (`id`),
  ADD KEY `ci_sessions_timestamp` (`timestamp`);

--
-- Indexes for table `currency`
--
ALTER TABLE `currency`
  ADD PRIMARY KEY (`iso`),
  ADD UNIQUE KEY `name` (`name`);

--
-- Indexes for table `customers`
--
ALTER TABLE `customers`
  ADD PRIMARY KEY (`id`);

--
-- Indexes for table `expenses`
--
ALTER TABLE `expenses`
  ADD PRIMARY KEY (`id`);

--
-- Indexes for table `expense_categories`
--
ALTER TABLE `expense_categories`
  ADD PRIMARY KEY (`id`);

--
-- Indexes for table `gift_card`
--
ALTER TABLE `gift_card`
  ADD PRIMARY KEY (`id`);

--
-- Indexes for table `inventory`
--
ALTER TABLE `inventory`
  ADD PRIMARY KEY (`id`);

--
-- Indexes for table `orders`
--
ALTER TABLE `orders`
  ADD PRIMARY KEY (`id`);

--
-- Indexes for table `order_items`
--
ALTER TABLE `order_items`
  ADD PRIMARY KEY (`id`);

--
-- Indexes for table `outlets`
--
ALTER TABLE `outlets`
  ADD PRIMARY KEY (`id`);

--
-- Indexes for table `payment_method`
--
ALTER TABLE `payment_method`
  ADD PRIMARY KEY (`id`);

--
-- Indexes for table `products`
--
ALTER TABLE `products`
  ADD PRIMARY KEY (`id`);

--
-- Indexes for table `purchase_order`
--
ALTER TABLE `purchase_order`
  ADD PRIMARY KEY (`id`);

--
-- Indexes for table `purchase_order_items`
--
ALTER TABLE `purchase_order_items`
  ADD PRIMARY KEY (`id`);

--
-- Indexes for table `purchase_order_status`
--
ALTER TABLE `purchase_order_status`
  ADD PRIMARY KEY (`id`);

--
-- Indexes for table `return_items`
--
ALTER TABLE `return_items`
  ADD PRIMARY KEY (`id`);

--
-- Indexes for table `site_setting`
--
ALTER TABLE `site_setting`
  ADD PRIMARY KEY (`id`);

--
-- Indexes for table `suppliers`
--
ALTER TABLE `suppliers`
  ADD PRIMARY KEY (`id`);

--
-- Indexes for table `suspend`
--
ALTER TABLE `suspend`
  ADD PRIMARY KEY (`id`);

--
-- Indexes for table `suspend_items`
--
ALTER TABLE `suspend_items`
  ADD PRIMARY KEY (`id`);

--
-- Indexes for table `timezones`
--
ALTER TABLE `timezones`
  ADD PRIMARY KEY (`id`);

--
-- Indexes for table `users`
--
ALTER TABLE `users`
  ADD PRIMARY KEY (`id`);

--
-- Indexes for table `user_roles`
--
ALTER TABLE `user_roles`
  ADD PRIMARY KEY (`id`);

--
-- AUTO_INCREMENT for dumped tables
--

--
-- AUTO_INCREMENT for table `category`
--
ALTER TABLE `category`
  MODIFY `id` int(11) NOT NULL AUTO_INCREMENT, AUTO_INCREMENT=34;

--
-- AUTO_INCREMENT for table `customers`
--
ALTER TABLE `customers`
  MODIFY `id` int(11) NOT NULL AUTO_INCREMENT, AUTO_INCREMENT=7;

--
-- AUTO_INCREMENT for table `expenses`
--
ALTER TABLE `expenses`
  MODIFY `id` int(11) NOT NULL AUTO_INCREMENT, AUTO_INCREMENT=3;

--
-- AUTO_INCREMENT for table `expense_categories`
--
ALTER TABLE `expense_categories`
  MODIFY `id` int(11) NOT NULL AUTO_INCREMENT, AUTO_INCREMENT=5;

--
-- AUTO_INCREMENT for table `gift_card`
--
ALTER TABLE `gift_card`
  MODIFY `id` int(11) NOT NULL AUTO_INCREMENT;

--
-- AUTO_INCREMENT for table `inventory`
--
ALTER TABLE `inventory`
  MODIFY `id` int(11) NOT NULL AUTO_INCREMENT, AUTO_INCREMENT=15;

--
-- AUTO_INCREMENT for table `orders`
--
ALTER TABLE `orders`
  MODIFY `id` int(11) NOT NULL AUTO_INCREMENT, AUTO_INCREMENT=93;

--
-- AUTO_INCREMENT for table `order_items`
--
ALTER TABLE `order_items`
  MODIFY `id` int(11) NOT NULL AUTO_INCREMENT, AUTO_INCREMENT=90;

--
-- AUTO_INCREMENT for table `outlets`
--
ALTER TABLE `outlets`
  MODIFY `id` int(11) NOT NULL AUTO_INCREMENT, AUTO_INCREMENT=22;

--
-- AUTO_INCREMENT for table `payment_method`
--
ALTER TABLE `payment_method`
  MODIFY `id` int(11) NOT NULL AUTO_INCREMENT, AUTO_INCREMENT=11;

--
-- AUTO_INCREMENT for table `products`
--
ALTER TABLE `products`
  MODIFY `id` int(11) NOT NULL AUTO_INCREMENT, AUTO_INCREMENT=90;

--
-- AUTO_INCREMENT for table `purchase_order`
--
ALTER TABLE `purchase_order`
  MODIFY `id` int(11) NOT NULL AUTO_INCREMENT, AUTO_INCREMENT=2;

--
-- AUTO_INCREMENT for table `purchase_order_items`
--
ALTER TABLE `purchase_order_items`
  MODIFY `id` int(11) NOT NULL AUTO_INCREMENT;

--
-- AUTO_INCREMENT for table `purchase_order_status`
--
ALTER TABLE `purchase_order_status`
  MODIFY `id` int(11) NOT NULL AUTO_INCREMENT, AUTO_INCREMENT=4;

--
-- AUTO_INCREMENT for table `return_items`
--
ALTER TABLE `return_items`
  MODIFY `id` int(11) NOT NULL AUTO_INCREMENT, AUTO_INCREMENT=3;

--
-- AUTO_INCREMENT for table `site_setting`
--
ALTER TABLE `site_setting`
  MODIFY `id` int(11) NOT NULL AUTO_INCREMENT, AUTO_INCREMENT=3;

--
-- AUTO_INCREMENT for table `suppliers`
--
ALTER TABLE `suppliers`
  MODIFY `id` int(11) NOT NULL AUTO_INCREMENT, AUTO_INCREMENT=6;

--
-- AUTO_INCREMENT for table `suspend`
--
ALTER TABLE `suspend`
  MODIFY `id` int(11) NOT NULL AUTO_INCREMENT, AUTO_INCREMENT=4;

--
-- AUTO_INCREMENT for table `suspend_items`
--
ALTER TABLE `suspend_items`
  MODIFY `id` int(11) NOT NULL AUTO_INCREMENT, AUTO_INCREMENT=3;

--
-- AUTO_INCREMENT for table `timezones`
--
ALTER TABLE `timezones`
  MODIFY `id` int(11) NOT NULL AUTO_INCREMENT, AUTO_INCREMENT=422;

--
-- AUTO_INCREMENT for table `users`
--
ALTER TABLE `users`
  MODIFY `id` int(11) NOT NULL AUTO_INCREMENT, AUTO_INCREMENT=24;

--
-- AUTO_INCREMENT for table `user_roles`
--
ALTER TABLE `user_roles`
  MODIFY `id` int(11) NOT NULL AUTO_INCREMENT, AUTO_INCREMENT=4;
COMMIT;

/*!40101 SET CHARACTER_SET_CLIENT=@OLD_CHARACTER_SET_CLIENT */;
/*!40101 SET CHARACTER_SET_RESULTS=@OLD_CHARACTER_SET_RESULTS */;
/*!40101 SET COLLATION_CONNECTION=@OLD_COLLATION_CONNECTION */;
